accident_id;vehicle;peds;county;month;year;hour;latitude;longitude;harm_ev;lgt_cond;weather;fatals;road_fc;tod;dow;large_truck;speeding;ped_f;pedal;pedal_f;distracted_driver;drowsy_driver
2012040001;1;0;PIMA;1;2012;2;32.18285833;-111.16517778;Rollover/Overturn;Dark - Not Lighted;Clear;1;Local;Nighttime;Weekend;2;1;2;2;2;2;2
2012040002;1;0;YAVAPAI;1;2012;16;34.75831667;-112.05859444;Curb;Daylight;Cloudy;1;Collector;Daytime;Weekend;2;1;2;2;2;2;2
2012040003;1;1;MARICOPA;1;2012;18;33.50790833;-112.20758056;Pedestrian;Dark - Lighted;Clear;1;Collector;Nighttime;Weekend;2;2;1;2;2;2;2
2012040004;2;0;MARICOPA;1;2012;20;33.35022222;-111.73836667;Motor Vehicle In-Transport;Dark - Lighted;Clear;1;Collector;Nighttime;Weekend;2;2;2;2;2;2;2
2012040005;2;0;PIMA;1;2012;0;31.90023889;-110.66463333;Guardrail Face;Dark - Not Lighted;Clear;1;Collector;Nighttime;Weekday;2;1;2;2;2;2;2
2012040006;1;1;MARICOPA;1;2012;9;33.39298889;-111.86569722;Non-Motorist on Personal Conveyance;Daylight;Clear;1;Minor arterial;Daytime;Weekday;2;2;2;2;2;2;2
2012040010;1;0;YAVAPAI;1;2012;17;34.78898611;-111.91963333;Rollover/Overturn;Daylight;Clear;1;Minor arterial;Daytime;Weekday;2;2;2;2;2;2;2
2012040013;1;0;MARICOPA;1;2012;15;33.36423333;-111.85149722;Rollover/Overturn;Daylight;Clear;1;Minor arterial;Daytime;Weekday;2;2;2;2;2;2;2
2012040014;1;1;GRAHAM;1;2012;20;32.81645833;-109.70763056;Pedestrian;Dark - Not Lighted;Clear;1;Minor arterial;Nighttime;Weekday;2;2;1;2;2;2;2
2012040017;2;0;PINAL;1;2012;6;33.280875;-111.15838889;Motor Vehicle In-Transport;Dark - Not Lighted;Cloudy;1;Minor arterial;Daytime;Weekday;2;2;2;2;2;2;2
2012040018;1;1;MARICOPA;1;2012;22;33.5169;-112.11695278;Pedestrian;Dark - Lighted;Clear;1;Collector;Nighttime;Weekday;2;2;1;2;2;2;2
2012040020;2;0;MARICOPA;1;2012;11;33.21895;-111.80656111;Motor Vehicle In-Transport;Daylight;Clear;1;Collector;Daytime;Weekend;2;2;2;2;2;1;2
2012040023;3;0;MARICOPA;1;2012;19;33.43722222;-111.73636389;Motor Vehicle In-Transport;Dark - Lighted;Cloudy;1;Minor arterial;Nighttime;Weekend;2;1;2;2;2;2;2
2012040027;3;0;PIMA;1;2012;17;32.32568056;-111.12113889;Motor Vehicle In-Transport;Daylight;Clear;1;Collector;Daytime;Weekday;1;2;2;2;2;2;2
2012040037;4;0;GILA;1;2012;12;34.24483889;-111.32280833;Motor Vehicle In-Transport;Daylight;Clear;1;Minor arterial;Daytime;Weekday;2;1;2;2;2;2;2
2012040038;1;1;NAVAJO;1;2012;4;34.31554722;-109.95424167;Pedestrian;Dark - Not Lighted;Clear;1;Collector;Nighttime;Weekend;2;2;1;2;2;2;2
2012040039;2;0;MARICOPA;1;2012;18;33.51626667;-112.22046389;Motor Vehicle In-Transport;Dark - Lighted;Clear;1;Minor arterial;Nighttime;Weekday;2;2;2;2;2;2;2
2012040042;1;0;MOHAVE;1;2012;2;35.50425833;-113.52327222;Rollover/Overturn;Dark - Not Lighted;Clear;1;Collector;Nighttime;Weekend;2;2;2;2;2;1;1
2012040043;2;0;PIMA;1;2012;9;32.27933889;-110.96115;Motor Vehicle In-Transport;Daylight;Clear;1;Minor arterial;Daytime;Weekday;2;1;2;2;2;2;2
2012040048;1;1;MARICOPA;1;2012;15;33.55339444;-111.89381667;Pedalcyclist;Daylight;Clear;1;Local;Daytime;Weekday;2;1;2;1;1;2;2
2012040050;1;1;MARICOPA;1;2012;18;33.52393889;-112.15983889;Pedestrian;Dark - Lighted;Clear;1;Minor arterial;Nighttime;Weekend;2;2;1;2;2;2;2
2012040052;2;0;MARICOPA;1;2012;15;33.24869444;-111.62638056;Motor Vehicle In-Transport;Daylight;Clear;1;Collector;Daytime;Weekday;2;2;2;2;2;2;2
2012040053;1;1;MARICOPA;1;2012;15;33.39585;-112.09921944;Pedalcyclist;Daylight;Clear;1;Unknown;Daytime;Weekday;2;2;2;1;1;2;2
2012040057;2;0;GILA;1;2012;12;33.35861944;-110.735625;Motor Vehicle In-Transport;Daylight;Clear;1;Minor arterial;Daytime;Weekday;1;2;2;2;2;2;1
2012040058;1;1;MARICOPA;1;2012;18;33.45131667;-112.09603056;Pedestrian;Dark - Lighted;Clear;1;Minor arterial;Nighttime;Weekday;2;2;1;2;2;2;2
2012040061;1;1;MARICOPA;1;2012;20;33.45131389;-111.89991111;Pedestrian;Dark - Not Lighted;Clear;1;Local;Nighttime;Weekend;2;2;1;2;2;2;2
2012040063;1;1;MARICOPA;1;2012;18;33.40732222;-111.98085;Pedestrian;Dusk;Clear;1;Minor arterial;Nighttime;Weekday;2;2;1;2;2;1;2
2012040066;1;0;YAVAPAI;2;2012;16;35.33119444;-112.92713333;Other Fixed Object;Daylight;Clear;1;Local;Daytime;Weekday;2;1;2;2;2;2;2
2012040070;1;2;MARICOPA;2;2012;18;33.60891944;-112.31778889;Pedestrian;Dark - Lighted;Clear;1;Collector;Nighttime;Weekend;2;2;1;2;2;2;2
2012040074;1;0;MARICOPA;2;2012;1;33.55165833;-112.434825;Other Object (not fixed);Dark - Not Lighted;Clear;1;Collector;Nighttime;Weekday;2;1;2;2;2;2;2
2012040075;2;0;PIMA;2;2012;17;32.27372222;-111.21883611;Motor Vehicle In-Transport;Daylight;Clear;1;Collector;Daytime;Weekday;2;2;2;2;2;2;2
2012040079;1;0;YAVAPAI;2;2012;17;33.94327778;-112.327075;Ditch;Daylight;Clear;1;Local;Daytime;Weekend;2;1;2;2;2;2;2
2012040084;1;1;MARICOPA;2;2012;20;33.44669722;-112.28977778;Pedestrian;Dark - Lighted;Clear;1;Collector;Nighttime;Weekday;2;2;1;2;2;2;2
2012040087;1;0;YAVAPAI;2;2012;17;35.04720556;-112.39601111;Rollover/Overturn;Daylight;Clear;1;Collector;Daytime;Weekday;2;2;2;2;2;2;2
2012040089;2;0;PIMA;2;2012;15;32.32650278;-111.13375278;Motor Vehicle In-Transport;Daylight;Clear;1;Collector;Daytime;Weekend;2;2;2;2;2;2;2
2012040096;1;0;YAVAPAI;2;2012;20;34.07258889;-112.82208611;Fence;Dark - Not Lighted;Clear;1;Collector;Nighttime;Weekend;2;2;2;2;2;1;2
2012040100;3;0;MARICOPA;2;2012;7;33.55306389;-112.12559722;Motor Vehicle In-Transport;Daylight;Cloudy;1;Minor arterial;Daytime;Weekday;2;2;2;2;2;2;2
2012040101;4;0;MARICOPA;2;2012;15;33.46594722;-112.142375;Motor Vehicle In-Transport;Daylight;Clear;2;Minor arterial;Daytime;Weekday;1;2;2;2;2;2;2
2012040103;1;0;MARICOPA;2;2012;3;33.68066389;-112.20316389;Curb;Dark - Lighted;Clear;1;Local;Nighttime;Weekday;2;2;2;2;2;2;2
2012040104;1;1;MARICOPA;2;2012;20;33.39228333;-112.0574;Pedestrian;Dark - Lighted;Clear;1;Minor arterial;Nighttime;Weekend;2;2;1;2;2;2;2
2012040106;1;0;PIMA;2;2012;23;32.13270278;-110.97768056;Curb;Dark - Lighted;Clear;1;Local;Nighttime;Weekday;2;1;2;2;2;2;2
2012040107;1;1;MARICOPA;2;2012;21;33.39928056;-112.55634444;Pedestrian;Dark - Lighted;Cloudy;1;Local;Nighttime;Weekend;1;2;1;2;2;2;2
2012040108;1;0;MARICOPA;2;2012;0;33.87071389;-112.16101389;Concrete Traffic Barrier;Dark - Lighted;Clear;1;Local;Nighttime;Weekend;2;1;2;2;2;2;2
2012040111;4;0;APACHE;2;2012;7;35.71747778;-109.46016667;Motor Vehicle In-Transport;Daylight;Clear;1;Minor arterial;Daytime;Weekday;2;2;2;2;2;2;2
2012040112;1;0;PINAL;2;2012;19;33.00415556;-112.01385;Rollover/Overturn;Dark - Unknown Lighting;Clear;1;Local;Nighttime;Weekend;2;2;2;2;2;2;2
2012040115;2;0;PIMA;2;2012;10;32.30116944;-111.00063889;Motor Vehicle In-Transport;Daylight;Clear;1;Collector;Daytime;Weekend;2;1;2;2;2;2;2
2012040116;1;1;MARICOPA;2;2012;13;33.47731389;-112.21065;Pedestrian;Daylight;Clear;1;Local;Daytime;Weekday;2;2;1;2;2;2;2
2012040117;1;1;SANTA CRUZ;3;2012;20;31.33668333;-110.93440556;Pedestrian;Dark - Not Lighted;Clear;1;Local;Nighttime;Weekday;2;2;1;2;2;1;2
2012040118;1;1;MARICOPA;2;2012;16;33.39284167;-112.14086944;Curb;Daylight;Clear;1;Local;Daytime;Weekday;2;1;2;2;2;2;2
2012040121;1;0;YAVAPAI;3;2012;18;34.75978889;-112.07182778;Culvert;Dusk;Clear;1;Collector;Nighttime;Weekend;2;1;2;2;2;2;2
2012040123;1;0;MOHAVE;3;2012;23;36.75068889;-113.02816667;Embankment;Dark - Not Lighted;Cloudy;5;Local;Nighttime;Weekday;2;1;2;2;2;1;2
2012040124;1;2;MARICOPA;3;2012;14;33.40079167;-111.86578333;Non-Motorist on Personal Conveyance;Daylight;Clear;1;Local;Daytime;Weekday;2;2;2;2;2;2;2
2012040126;1;0;MARICOPA;3;2012;15;33.43510556;-111.84332778;Curb;Daylight;Clear;1;Local;Daytime;Weekday;2;1;2;2;2;2;2
2012040127;1;1;PIMA;3;2012;23;32.27933611;-110.98962778;Pedestrian;Dark - Not Lighted;Clear;1;Local;Nighttime;Weekend;2;2;1;2;2;2;2
2012040132;1;1;MARICOPA;3;2012;16;33.62544722;-111.86865556;Pedalcyclist;Daylight;Clear;1;Local;Daytime;Weekend;2;2;2;1;1;1;2
2012040135;2;0;MARICOPA;3;2012;11;33.39396111;-111.70431944;Motor Vehicle In-Transport;Daylight;Clear;1;Minor arterial;Daytime;Weekday;2;2;2;2;2;2;2
2012040136;2;0;MARICOPA;3;2012;18;33.49338611;-112.36251944;Rollover/Overturn;Dark - Lighted;Clear;1;Collector;Nighttime;Weekend;2;2;2;2;2;2;2
2012040148;2;0;PIMA;3;2012;1;32.29339722;-111.00493889;Motor Vehicle In-Transport;Dark - Lighted;Clear;1;Minor arterial;Nighttime;Weekend;1;2;2;2;2;2;2
2012040155;2;0;MARICOPA;3;2012;18;33.29178889;-111.79833889;Motor Vehicle In-Transport;Daylight;Clear;1;Collector;Nighttime;Weekday;2;2;2;2;2;2;2
2012040156;1;0;PIMA;3;2012;20;32.22591667;-110.806725;Curb;Dark - Lighted;Clear;1;Minor arterial;Nighttime;Weekend;2;2;2;2;2;2;2
2012040157;1;1;MARICOPA;3;2012;18;33.571725;-111.87408889;Pedestrian;Dusk;Clear;1;Collector;Nighttime;Weekend;2;2;1;2;2;2;2
2012040163;2;0;MARICOPA;3;2012;16;33.51677222;-112.1819;Motor Vehicle In-Transport;Dusk;Cloudy;1;Collector;Daytime;Weekend;2;2;2;2;2;2;2
2012040165;4;0;PINAL;3;2012;15;33.23341667;-111.09221667;Rollover/Overturn;Daylight;Clear;2;Collector;Daytime;Weekday;2;1;2;2;2;2;2
2012040168;1;4;MARICOPA;3;2012;20;33.55307778;-112.155225;Curb;Dark - Lighted;Clear;1;Minor arterial;Nighttime;Weekend;2;2;1;2;2;2;2
2012040169;2;0;PIMA;3;2012;14;32.306625;-110.93669167;Motor Vehicle In-Transport;Daylight;Clear;1;Minor arterial;Daytime;Weekday;2;1;2;2;2;2;2
2012040170;1;0;APACHE;3;2012;1;99.9999;999.9999;Fence;Dark - Unknown Lighting;Unknown;1;Minor arterial;Nighttime;Weekday;2;2;2;2;2;2;2
2012040171;1;0;NAVAJO;3;2012;16;99.9999;999.9999;Embankment;Daylight;Unknown;1;Local;Daytime;Weekday;2;1;2;2;2;2;2
2012040176;2;0;MARICOPA;3;2012;19;33.50946111;-111.87404167;Motor Vehicle In-Transport;Unknown;Unknown;2;Collector;Nighttime;Weekend;2;2;2;2;2;2;2
2012040179;1;1;MARICOPA;3;2012;19;33.49190556;-112.11702778;Pedestrian;Dark - Lighted;Clear;1;Minor arterial;Nighttime;Weekday;2;2;1;2;2;2;2
2012040181;1;1;COCONINO;3;2012;20;35.64206667;-110.75853889;Pedestrian;Dark - Not Lighted;Clear;1;Local;Nighttime;Weekend;2;1;1;2;2;2;2
2012040184;1;0;MARICOPA;3;2012;17;99.9999;999.9999;Curb;Unknown;Unknown;1;Collector;Daytime;Weekend;2;1;2;2;2;2;2
2012040185;1;0;APACHE;3;2012;2;36.30983333;-109.61017778;Rollover/Overturn;Dark - Not Lighted;Clear;2;Collector;Nighttime;Weekend;2;2;2;2;2;2;2
2012040192;1;0;PIMA;3;2012;2;32.20690556;-111.00611111;Rollover/Overturn;Dark - Not Lighted;Clear;1;Minor arterial;Nighttime;Weekend;2;1;2;2;2;2;2
2012040195;2;0;MARICOPA;3;2012;21;33.63416389;-112.22004444;Rollover/Overturn;Dark - Lighted;Clear;1;Minor arterial;Nighttime;Weekend;2;1;2;2;2;2;2
2012040197;1;1;PIMA;4;2012;5;32.17645278;-111.02606111;Pedestrian;Dark - Not Lighted;Clear;1;Minor arterial;Nighttime;Weekend;2;2;1;2;2;2;2
2012040198;1;1;MARICOPA;4;2012;6;33.39395556;-111.68461667;Pedestrian;Dawn;Clear;1;Minor arterial;Daytime;Weekday;2;2;1;2;2;2;2
2012040203;1;0;YAVAPAI;4;2012;19;34.62431111;-112.49378333;Rollover/Overturn;Dusk;Clear;1;Collector;Nighttime;Weekend;2;1;2;2;2;2;2
2012040205;2;0;MARICOPA;4;2012;7;33.56604444;-112.26378889;Motor Vehicle In-Transport;Daylight;Clear;1;Minor arterial;Daytime;Weekday;2;2;2;2;2;2;2
2012040207;1;0;MARICOPA;4;2012;10;33.28875833;-111.69203611;Curb;Daylight;Clear;1;Collector;Daytime;Weekend;2;1;2;2;2;2;2
2012040208;1;0;PIMA;4;2012;3;32.14835278;-111.00053056;Curb;Dark - Not Lighted;Clear;1;Minor arterial;Nighttime;Weekend;2;2;2;2;2;2;2
2012040209;1;0;PIMA;4;2012;5;32.15062778;-110.92281667;Fence;Dark - Not Lighted;Clear;1;Local;Nighttime;Weekend;2;1;2;2;2;2;2
2012040210;2;0;PIMA;4;2012;18;32.31355833;-111.2182;Motor Vehicle In-Transport;Daylight;Clear;1;Collector;Nighttime;Weekday;2;2;2;2;2;2;2
2012040211;1;1;MARICOPA;4;2012;12;33.50207222;-112.03005278;Pedestrian;Daylight;Clear;1;Collector;Daytime;Weekday;2;2;1;2;2;2;2
2012040214;1;1;PIMA;4;2012;19;32.13369167;-111.02973056;Non-Motorist on Personal Conveyance;Dark - Not Lighted;Clear;1;Minor arterial;Nighttime;Weekday;2;2;2;2;2;2;2
2012040216;2;0;MARICOPA;4;2012;12;33.66040833;-112.36011389;Motor Vehicle In-Transport;Daylight;Clear;1;Local;Daytime;Weekday;2;2;2;2;2;2;2
2012040218;2;0;PIMA;4;2012;8;32.16287778;-110.788925;Motor Vehicle In-Transport;Daylight;Clear;1;Minor arterial;Daytime;Weekend;2;2;2;2;2;2;2
2012040220;1;0;MARICOPA;4;2012;22;33.44849167;-112.91836389;Rollover/Overturn;Dark - Not Lighted;Clear;1;Collector;Nighttime;Weekend;2;1;2;2;2;2;2
2012040224;1;0;PINAL;4;2012;15;33.20203889;-111.05655833;Tree (Standing Only);Daylight;Cloudy;1;Collector;Daytime;Weekday;2;1;2;2;2;2;2
2012040226;1;1;YAVAPAI;4;2012;13;34.56795278;-112.48236667;Pedestrian;Daylight;Clear;1;Minor arterial;Daytime;Weekday;2;2;1;2;2;2;2
2012040227;1;0;PIMA;4;2012;3;32.15474167;-110.99946389;Rollover/Overturn;Dark - Lighted;Clear;1;Local;Nighttime;Weekend;2;1;2;2;2;2;2
2012040228;1;1;PINAL;4;2012;3;33.42595278;-111.56470833;Pedestrian;Dark - Not Lighted;Clear;1;Local;Nighttime;Weekend;2;2;1;2;2;2;2
2012040235;2;0;MARICOPA;4;2012;16;33.81560833;-111.90218889;Embankment;Daylight;Clear;1;Local;Daytime;Weekend;2;2;2;2;2;2;2
2012040238;1;0;MARICOPA;4;2012;2;33.48605556;-112.34093333;Curb;Dark - Lighted;Clear;1;Collector;Nighttime;Weekday;2;2;2;2;2;2;2
2012040239;2;0;MARICOPA;4;2012;2;33.43675278;-112.08905;Motor Vehicle In-Transport;Dark - Lighted;Clear;1;Minor arterial;Nighttime;Weekend;2;1;2;2;2;2;2
2012040240;1;0;MARICOPA;4;2012;22;33.54748889;-112.17747222;Curb;Dark - Lighted;Clear;1;Collector;Nighttime;Weekday;2;1;2;2;2;2;2
2012040241;1;0;PIMA;4;2012;13;32.30357222;-110.91463611;Rollover/Overturn;Daylight;Clear;1;Local;Daytime;Weekday;2;2;2;2;2;2;2
2012040242;1;0;APACHE;4;2012;4;36.92569167;-109.58870556;Ground;Dark - Not Lighted;Cloudy;1;Collector;Nighttime;Weekend;2;2;2;2;2;2;1
2012040244;2;0;APACHE;4;2012;18;34.32237778;-109.75814167;Motor Vehicle In-Transport;Daylight;Clear;1;Collector;Nighttime;Weekday;2;2;2;2;2;2;2
2012040246;1;1;MARICOPA;4;2012;21;33.48034167;-112.15164444;Pedestrian;Dark - Lighted;Clear;1;Minor arterial;Nighttime;Weekday;2;2;1;2;2;2;2
2012040247;1;0;COCONINO;4;2012;18;99.9999;999.9999;Rollover/Overturn;Daylight;Clear;2;Unknown;Nighttime;Weekend;2;1;2;2;2;2;2
2012040249;1;2;GILA;4;2012;20;33.35460556;-110.66329722;Pedestrian;Dark - Not Lighted;Clear;2;Minor arterial;Nighttime;Weekend;2;2;1;2;2;1;2
2012040250;2;0;MARICOPA;4;2012;12;33.50223056;-112.18636667;Motor Vehicle In-Transport;Daylight;Clear;1;Minor arterial;Daytime;Weekend;2;2;2;2;2;2;2
2012040251;2;2;APACHE;4;2012;20;99.9999;999.9999;Motor Vehicle In-Transport;Dark - Not Lighted;Clear;1;Unknown;Nighttime;Weekday;2;1;1;2;2;2;2
2012040253;1;0;APACHE;4;2012;20;35.68461667;-109.06342778;Culvert;Dark - Not Lighted;Clear;2;Collector;Nighttime;Weekday;2;2;2;2;2;2;2
2012040256;2;0;MARICOPA;4;2012;7;33.50630556;-112.13848889;Motor Vehicle In-Transport;Daylight;Clear;1;Local;Daytime;Weekday;2;2;2;2;2;2;2
2012040259;1;0;PINAL;5;2012;0;32.87281389;-111.75716111;Curb;Dark - Lighted;Clear;4;Minor arterial;Nighttime;Weekday;2;1;2;2;2;2;2
2012040260;1;0;YAVAPAI;5;2012;19;34.57326667;-112.42799444;Curb;Dusk;Clear;1;Local;Nighttime;Weekday;2;2;2;2;2;2;2
2012040261;2;0;MARICOPA;5;2012;22;33.39333333;-111.83346389;Motor Vehicle In-Transport;Dark - Lighted;Clear;1;Minor arterial;Nighttime;Weekday;2;2;2;2;2;1;2
2012040262;1;0;PIMA;5;2012;11;99.9999;999.9999;Rollover/Overturn;Daylight;Clear;1;Local;Daytime;Weekend;2;1;2;2;2;2;2
2012040264;1;1;MARICOPA;5;2012;8;33.23468889;-111.85895556;Pedestrian;Daylight;Clear;1;Collector;Daytime;Weekday;2;2;1;2;2;2;2
2012040270;1;0;COCHISE;5;2012;20;31.55830833;-110.27076111;Curb;Dark - Lighted;Clear;1;Local;Nighttime;Weekend;2;2;2;2;2;2;2
2012040276;1;0;PIMA;5;2012;12;32.16306667;-111.01484444;Rollover/Overturn;Daylight;Clear;1;Collector;Daytime;Weekend;2;1;2;2;2;2;2
2012040280;1;0;PIMA;5;2012;21;31.79900833;-110.79325556;Rollover/Overturn;Dark - Not Lighted;Clear;2;Local;Nighttime;Weekday;2;1;2;2;2;2;2
2012040286;2;0;COCONINO;5;2012;23;35.15385833;-111.680775;Motor Vehicle In-Transport;Dark - Not Lighted;Clear;1;Minor arterial;Nighttime;Weekday;2;2;2;2;2;2;2
2012040291;3;0;PIMA;5;2012;5;32.13410556;-110.986675;Motor Vehicle In-Transport;Dawn;Clear;1;Minor arterial;Nighttime;Weekend;2;1;2;2;2;2;2
2012040293;1;0;PIMA;5;2012;10;32.17758611;-112.26990833;Tree (Standing Only);Daylight;Clear;1;Minor arterial;Daytime;Weekend;2;1;2;2;2;1;2
2012040295;1;0;GILA;5;2012;11;34.03090278;-111.354325;Rollover/Overturn;Daylight;Clear;1;Collector;Daytime;Weekend;2;2;2;2;2;2;2
2012040300;1;0;MARICOPA;5;2012;17;33.48654444;-112.29686944;Fell/Jumped from Vehicle;Daylight;Clear;1;Local;Daytime;Weekday;2;1;2;2;2;2;2
2012040301;2;0;MARICOPA;5;2012;15;33.27595556;-111.88911111;Motor Vehicle In-Transport;Daylight;Clear;1;Collector;Daytime;Weekday;2;2;2;2;2;1;2
2012040302;2;0;MARICOPA;5;2012;3;33.44275556;-112.54914167;Motor Vehicle In-Transport;Dark - Lighted;Clear;1;Local;Nighttime;Weekend;2;1;2;2;2;2;2
2012040303;1;0;NAVAJO;5;2012;15;99.9999;999.9999;Rollover/Overturn;Daylight;Clear;1;Local;Daytime;Weekend;2;2;2;2;2;1;2
2012040304;1;0;PINAL;5;2012;0;32.85004444;-111.911925;Embankment;Dark - Not Lighted;Unknown;1;Local;Nighttime;Weekend;2;2;2;2;2;2;2
2012040305;2;0;MARICOPA;5;2012;12;33.46593056;-112.14742778;Motor Vehicle In-Transport;Daylight;Clear;1;Minor arterial;Daytime;Weekend;2;2;2;2;2;2;2
2012040307;1;0;APACHE;5;2012;15;35.25708889;-109.29092778;Ditch;Daylight;Not Reported;1;Local;Daytime;Weekday;2;1;2;2;2;2;2
2012040308;2;0;MARICOPA;5;2012;18;33.3637;-111.96533889;Motor Vehicle In-Transport;Daylight;Clear;1;Local;Nighttime;Weekday;2;2;2;2;2;2;2
2012040309;1;0;NAVAJO;5;2012;11;36.74359444;-110.23031944;Fence;Daylight;Clear;3;Collector;Daytime;Weekday;2;1;2;2;2;2;2
2012040310;3;0;PINAL;5;2012;14;33.07979444;-112.11652778;Motor Vehicle In-Transport;Daylight;Clear;1;Collector;Daytime;Weekday;2;2;2;2;2;2;1
2012040312;1;0;PINAL;5;2012;0;32.90456667;-110.74536389;Embankment;Dark - Not Lighted;Clear;1;Local;Nighttime;Weekend;2;1;2;2;2;2;2
2012040313;2;0;PIMA;5;2012;1;32.17763611;-111.04645556;Motor Vehicle In-Transport;Dark - Not Lighted;Clear;1;Minor arterial;Nighttime;Weekend;2;2;2;2;2;2;2
2012040317;2;0;PINAL;5;2012;19;33.24899444;-111.56325556;Motor Vehicle In-Transport;Daylight;Clear;1;Collector;Nighttime;Weekend;2;1;2;2;2;2;2
2012040318;1;0;APACHE;5;2012;11;99.9999;999.9999;Rollover/Overturn;Daylight;Clear;1;Unknown;Daytime;Weekend;1;2;2;2;2;2;2
2012040320;1;0;SANTA CRUZ;5;2012;19;31.71058333;-111.04852778;Rollover/Overturn;Dark - Lighted;Clear;1;Local;Nighttime;Weekday;2;1;2;2;2;2;2
2012040323;1;0;COCHISE;6;2012;15;31.48184722;-110.18539167;Fell/Jumped from Vehicle;Daylight;Clear;1;Local;Daytime;Weekend;2;1;2;2;2;2;2
2012040325;1;0;SANTA CRUZ;6;2012;22;31.36382778;-110.92992222;Curb;Dark - Lighted;Clear;1;Local;Nighttime;Weekend;2;1;2;2;2;2;2
2012040326;1;1;SANTA CRUZ;6;2012;11;31.34950556;-110.94529444;Pedestrian;Daylight;Clear;1;Local;Daytime;Weekday;2;2;1;2;2;2;2
2012040329;2;0;PIMA;6;2012;18;31.81414722;-110.71208333;Motor Vehicle In-Transport;Daylight;Clear;1;Collector;Nighttime;Weekend;2;2;2;2;2;2;2
2012040330;1;0;PIMA;6;2012;21;32.33748056;-110.69041667;Rollover/Overturn;Dark - Not Lighted;Clear;1;Collector;Nighttime;Weekend;2;1;2;2;2;2;2
2012040337;1;0;COCONINO;6;2012;20;34.60665556;-111.21835278;Live Animal;Dark - Lighted;Clear;1;Collector;Nighttime;Weekday;2;2;2;2;2;2;2
2012040339;2;0;LA PAZ;6;2012;5;33.77948611;-113.61727222;Motor Vehicle In-Transport;Dawn;Clear;1;Collector;Nighttime;Weekday;2;1;2;2;2;2;2
2012040340;1;0;COCONINO;6;2012;18;35.33816667;-111.78576111;Rollover/Overturn;Daylight;Clear;1;Collector;Nighttime;Weekday;2;1;2;2;2;2;1
2012040342;2;0;PIMA;6;2012;19;32.32756944;-111.215625;Motor Vehicle In-Transport;Daylight;Clear;1;Collector;Nighttime;Weekend;2;2;2;2;2;2;2
2012040343;2;0;GREENLEE;6;2012;14;33.06571667;-109.32960278;Motor Vehicle In-Transport;Daylight;Clear;2;Collector;Daytime;Weekday;1;2;2;2;2;2;2
2012040344;1;0;GREENLEE;6;2012;20;33.33688056;-109.34789722;Live Animal;Dark - Not Lighted;Clear;1;Collector;Nighttime;Weekday;2;2;2;2;2;2;2
2012040347;1;1;COCONINO;5;2012;17;35.22197778;-111.62303889;Non-Motorist on Personal Conveyance;Daylight;Clear;1;Local;Daytime;Weekday;2;2;2;2;2;2;2
2012040349;1;1;MARICOPA;6;2012;20;33.52403056;-112.18901667;Pedalcyclist;Dark - Lighted;Clear;1;Minor arterial;Nighttime;Weekday;2;2;2;1;1;2;2
2012040351;1;0;PIMA;2;2012;10;32.257575;-110.97771944;Fell/Jumped from Vehicle;Daylight;Clear;1;Collector;Daytime;Weekday;2;2;2;2;2;2;2
2012040352;1;1;PIMA;6;2012;5;32.31560556;-110.99589444;Pedestrian;Daylight;Clear;1;Local;Nighttime;Weekday;2;1;1;2;2;2;2
2012040355;1;0;PIMA;6;2012;8;99.9999;999.9999;Embankment;Daylight;Clear;1;Collector;Daytime;Weekday;1;2;2;2;2;1;2
2012040357;1;0;PINAL;6;2012;3;32.92290556;-111.98615278;Embankment;Dark - Not Lighted;Clear;1;Local;Nighttime;Weekend;2;2;2;2;2;2;2
2012040358;1;0;COCONINO;6;2012;12;35.42760556;-111.75970556;Live Animal;Daylight;Clear;1;Collector;Daytime;Weekend;2;2;2;2;2;2;2
2012040360;1;0;GILA;7;2012;18;33.36222222;-110.87527778;Rollover/Overturn;Unknown;Unknown;1;Local;Nighttime;Weekday;2;1;2;2;2;2;2
2012040363;1;0;MARICOPA;7;2012;22;33.32095833;-111.743;Curb;Dark - Lighted;Clear;2;Local;Nighttime;Weekday;2;1;2;2;2;2;2