accident_id;vehicle;peds;county;month;year;hour;latitude;longitude;harm_ev;lgt_cond;weather;fatals;road_fc;tod;dow;large_truck;speeding;ped_f;pedal;pedal_f;distracted_driver;drowsy_driver
2012040366;2;0;PIMA;7;2012;1;32.22884722;-110.90115278;Motor Vehicle In-Transport;Dark - Lighted;Cloudy;1;Minor arterial;Nighttime;Weekday;2;1;2;2;2;2;2
2012040367;1;1;PIMA;7;2012;22;32.13371667;-110.99917778;Pedestrian;Dark - Lighted;Clear;1;Minor arterial;Nighttime;Weekday;2;2;1;2;2;2;2
2012040370;1;0;PIMA;7;2012;16;32.15904444;-110.91761111;Curb;Daylight;Cloudy;1;Local;Daytime;Weekday;2;2;2;2;2;2;2
2012040373;1;0;APACHE;7;2012;17;34.21066944;-109.33048333;Rollover/Overturn;Daylight;Cloudy;1;Minor arterial;Daytime;Weekend;2;2;2;2;2;1;2
2012040376;2;0;MARICOPA;7;2012;15;33.39287222;-111.95223611;Motor Vehicle In-Transport;Daylight;Clear;1;Minor arterial;Daytime;Weekend;2;2;2;2;2;2;2
2012040377;1;0;GREENLEE;7;2012;16;33.08846667;-109.07901667;Rollover/Overturn;Daylight;Cloudy;1;Collector;Daytime;Weekend;2;1;2;2;2;1;2
2012040379;3;0;PIMA;7;2012;21;32.16319722;-110.91763333;Motor Vehicle In-Transport;Dark - Lighted;Clear;1;Local;Nighttime;Weekday;2;1;2;2;2;2;2
2012040389;1;0;PINAL;6;2012;1;32.75212222;-111.60251667;Rollover/Overturn;Dark - Not Lighted;Clear;1;Local;Nighttime;Weekend;2;1;2;2;2;2;2
2012040390;1;1;NAVAJO;6;2012;21;33.79907778;-109.93785;Pedestrian;Dark - Unknown Lighting;Clear;1;Collector;Nighttime;Weekend;2;2;1;2;2;2;2
2012040396;1;0;MARICOPA;6;2012;1;99.9999;999.9999;Curb;Dark - Unknown Lighting;Unknown;1;Local;Nighttime;Weekend;2;1;2;2;2;2;2
2012040397;3;0;MARICOPA;6;2012;13;33.45718889;-112.18648889;Motor Vehicle In-Transport;Daylight;Clear;1;Minor arterial;Daytime;Weekend;2;2;2;2;2;1;2
2012040398;2;0;PINAL;6;2012;8;33.10307778;-111.71325556;Motor Vehicle In-Transport;Daylight;Clear;2;Minor arterial;Daytime;Weekend;2;2;2;2;2;2;2
2012040399;1;0;APACHE;6;2012;2;99.9999;999.9999;Rollover/Overturn;Dark - Unknown Lighting;Unknown;1;Local;Nighttime;Weekend;2;2;2;2;2;2;2
2012040401;1;0;MARICOPA;6;2012;17;33.38479167;-112.09052778;Rollover/Overturn;Daylight;Clear;1;Local;Daytime;Weekend;2;1;2;2;2;2;2
2012040402;1;0;APACHE;6;2012;19;36.41317222;-109.27279167;Rollover/Overturn;Not Reported;Not Reported;1;Collector;Nighttime;Weekday;2;2;2;2;2;2;2
2012040403;2;0;MARICOPA;6;2012;6;33.55303611;-112.05690278;Motor Vehicle In-Transport;Daylight;Clear;1;Minor arterial;Daytime;Weekday;2;1;2;2;2;2;2
2012040406;1;0;NAVAJO;6;2012;18;34.31056944;-110.10588611;Rollover/Overturn;Daylight;Clear;1;Local;Nighttime;Weekday;2;1;2;2;2;2;2
2012040408;4;0;MARICOPA;6;2012;20;33.50766111;-112.15161111;Motor Vehicle In-Transport;Dark - Lighted;Clear;1;Minor arterial;Nighttime;Weekday;2;1;2;2;2;2;2
2012040410;1;0;MARICOPA;7;2012;21;33.90813611;-112.3232;Embankment;Dark - Not Lighted;Clear;1;Local;Nighttime;Weekday;2;1;2;2;2;2;2
2012040411;2;0;MARICOPA;7;2012;19;33.55308056;-112.14291111;Motor Vehicle In-Transport;Daylight;Clear;1;Minor arterial;Nighttime;Weekday;2;2;2;2;2;2;2
2012040415;1;0;GILA;7;2012;22;34.34819167;-111.425675;Embankment;Dark - Not Lighted;Cloudy;1;Collector;Nighttime;Weekend;2;2;2;2;2;2;2
2012040417;2;0;MARICOPA;7;2012;23;33.63889722;-112.42237222;Motor Vehicle In-Transport;Dark - Lighted;Clear;1;Collector;Nighttime;Weekday;1;1;2;2;2;1;2
2012040418;1;0;COCONINO;7;2012;9;36.83346944;-111.44165833;Rollover/Overturn;Daylight;Cloudy;1;Local;Daytime;Weekday;2;2;2;2;2;2;2
2012040422;1;0;GILA;7;2012;0;34.21662222;-111.46553056;Rollover/Overturn;Dark - Not Lighted;Clear;2;Local;Nighttime;Weekend;2;1;2;2;2;2;2
2012040423;2;0;MARICOPA;7;2012;3;33.40666667;-112.13368056;Motor Vehicle In-Transport;Dark - Lighted;Clear;1;Minor arterial;Nighttime;Weekend;2;2;2;2;2;2;2
2012040424;1;0;MARICOPA;7;2012;4;33.47310278;-112.12578056;Curb;Dark - Lighted;Clear;1;Collector;Nighttime;Weekday;2;1;2;2;2;2;2
2012040428;1;0;COCONINO;8;2012;15;36.99820556;-112.53008611;Culvert;Daylight;Clear;1;Collector;Daytime;Weekday;2;2;2;2;2;1;2
2012040430;1;0;GILA;8;2012;10;33.80392222;-110.48245278;Embankment;Unknown;Unknown;1;Minor arterial;Daytime;Weekday;2;2;2;2;2;2;2
2012040438;3;0;COCONINO;8;2012;14;36.59364167;-111.16138056;Motor Vehicle In-Transport;Daylight;Cloudy;3;Collector;Daytime;Weekday;1;2;2;2;2;2;2
2012040439;1;0;COCONINO;8;2012;1;36.96084444;-111.49345556;Rollover/Overturn;Dark - Not Lighted;Clear;1;Local;Nighttime;Weekend;2;1;2;2;2;2;2
2012040441;2;0;MARICOPA;8;2012;19;33.42274167;-111.75976389;Motor Vehicle In-Transport;Dark - Lighted;Clear;1;Minor arterial;Nighttime;Weekend;2;1;2;2;2;2;2
2012040442;2;0;MARICOPA;8;2012;12;33.30689167;-111.73071667;Motor Vehicle In-Transport;Daylight;Clear;2;Minor arterial;Daytime;Weekday;2;2;2;2;2;2;2
2012040444;2;0;YAVAPAI;8;2012;11;34.49379722;-112.49938611;Rollover/Overturn;Daylight;Clear;1;Collector;Daytime;Weekend;2;2;2;2;2;2;2
2012040448;1;0;YUMA;8;2012;18;32.67858333;-113.99746111;Embankment;Dusk;Clear;1;Local;Nighttime;Weekday;2;2;2;2;2;1;2
2012040449;2;0;PINAL;8;2012;14;32.87954167;-111.74757222;Motor Vehicle In-Transport;Daylight;Clear;1;Local;Daytime;Weekday;2;2;2;2;2;2;2
2012040450;1;2;MARICOPA;8;2012;20;33.40045278;-111.85014167;Pedestrian;Dark - Not Lighted;Unknown;1;Collector;Nighttime;Weekday;2;2;1;2;2;2;2
2012040453;1;1;MARICOPA;7;2012;18;33.45136389;-112.12877222;Pedestrian;Daylight;Clear;1;Minor arterial;Nighttime;Weekday;2;2;1;2;2;2;2
2012040454;1;0;MARICOPA;7;2012;1;33.74384444;-112.10834444;Curb;Dark - Lighted;Clear;1;Local;Nighttime;Weekend;2;2;2;2;2;2;2
2012040455;1;1;MARICOPA;7;2012;22;99.9999;999.9999;Pedestrian;Dark - Unknown Lighting;Unknown;1;Collector;Nighttime;Weekend;2;2;1;2;2;2;2
2012040456;2;0;PINAL;7;2012;1;33.19103056;-111.81781667;Motor Vehicle In-Transport;Dark - Not Lighted;Clear;1;Minor arterial;Nighttime;Weekend;2;2;2;2;2;2;2
2012040457;1;0;NAVAJO;7;2012;1;36.71424167;-110.2514;Unknown;Dark - Unknown Lighting;Unknown;1;Collector;Nighttime;Weekend;2;2;2;2;2;2;2
2012040461;1;0;MARICOPA;7;2012;14;33.8889;-112.81533889;Rollover/Overturn;Daylight;Cloudy;1;Local;Daytime;Weekend;2;2;2;2;2;1;2
2012040464;4;0;PINAL;7;2012;7;32.79291944;-110.67419722;Motor Vehicle In-Transport;Daylight;Cloudy;1;Minor arterial;Daytime;Weekend;2;1;2;2;2;2;2
2012040469;1;0;COCONINO;8;2012;23;36.01980833;-111.11811111;Rollover/Overturn;Dark - Not Lighted;Clear;2;Minor arterial;Nighttime;Weekend;2;1;2;2;2;2;1
2012040470;1;0;GILA;7;2012;9;34.28596111;-111.33846667;Embankment;Daylight;Clear;1;Collector;Daytime;Weekday;2;2;2;2;2;2;2
2012040474;1;0;PIMA;8;2012;5;32.30257222;-111.03501944;Other Fixed Object;Dark - Not Lighted;Clear;1;Local;Nighttime;Weekend;2;2;2;2;2;1;2
2012040475;2;0;MARICOPA;8;2012;18;33.60958056;-112.39380833;Motor Vehicle In-Transport;Daylight;Clear;1;Local;Nighttime;Weekday;2;2;2;2;2;2;2
2012040477;2;0;PIMA;8;2012;5;32.1833;-110.92641944;Motor Vehicle In-Transport;Dawn;Clear;1;Collector;Nighttime;Weekday;1;1;2;2;2;2;2
2012040479;1;0;MARICOPA;8;2012;9;33.33286111;-111.85629167;Fell/Jumped from Vehicle;Daylight;Clear;1;Local;Daytime;Weekend;2;2;2;2;2;1;2
2012040480;1;0;GILA;8;2012;10;33.35785833;-110.63692222;Rollover/Overturn;Daylight;Clear;1;Collector;Daytime;Weekend;2;2;2;2;2;1;2
2012040481;1;0;APACHE;8;2012;17;36.40795556;-109.60799167;Rollover/Overturn;Daylight;Clear;1;Collector;Daytime;Weekday;2;1;2;2;2;2;2
2012040485;1;0;YAVAPAI;8;2012;3;34.45072222;-112.44402778;Fell/Jumped from Vehicle;Dark - Unknown Lighting;Unknown;1;Local;Nighttime;Weekend;2;2;2;2;2;2;2
2012040486;1;0;PIMA;8;2012;3;32.27448333;-110.99503889;Utility Pole/Light Support;Dark - Lighted;Clear;1;Minor arterial;Nighttime;Weekend;2;1;2;2;2;2;2
2012040487;1;1;PIMA;8;2012;22;32.27943056;-110.96107778;Pedestrian;Dark - Lighted;Clear;1;Minor arterial;Nighttime;Weekday;2;2;1;2;2;2;2
2012040488;2;0;MARICOPA;8;2012;10;33.62606944;-111.96033611;Motor Vehicle In-Transport;Daylight;Clear;1;Minor arterial;Daytime;Weekday;2;2;2;2;2;2;2
2012040491;1;0;MARICOPA;8;2012;9;33.55476944;-112.07391389;Tree (Standing Only);Daylight;Clear;1;Minor arterial;Daytime;Weekday;2;2;2;2;2;2;2
2012040492;1;0;PIMA;8;2012;17;31.945825;-112.79919444;Rollover/Overturn;Dusk;Cloudy;1;Minor arterial;Daytime;Weekday;2;2;2;2;2;2;2
2012040497;1;0;MARICOPA;8;2012;0;33.69972222;-112.12010556;Curb;Dark - Lighted;Clear;1;Minor arterial;Nighttime;Weekend;2;1;2;2;2;2;2
2012040499;2;0;PINAL;8;2012;21;33.29454444;-111.38840833;Motor Vehicle In-Transport;Dark - Not Lighted;Clear;1;Minor arterial;Nighttime;Weekday;2;1;2;2;2;2;2
2012040506;1;0;MARICOPA;9;2012;17;33.64925556;-112.185725;Other Fixed Object;Daylight;Clear;1;Local;Daytime;Weekend;2;2;2;2;2;2;2
2012040507;2;0;MARICOPA;9;2012;11;33.60970278;-112.254875;Motor Vehicle In-Transport;Daylight;Clear;1;Minor arterial;Daytime;Weekday;2;2;2;2;2;2;2
2012040509;1;0;MARICOPA;9;2012;9;33.38948889;-111.87465833;Rollover/Overturn;Daylight;Cloudy;1;Minor arterial;Daytime;Weekend;2;1;2;2;2;2;2
2012040513;2;0;YAVAPAI;9;2012;9;35.299425;-112.75778889;Other Object (not fixed);Daylight;Clear;1;Collector;Daytime;Weekend;2;2;2;2;2;2;2
2012040516;1;0;YAVAPAI;9;2012;0;34.07422222;-112.13152778;Traffic Sign Support;Dark - Not Lighted;Clear;1;Local;Nighttime;Weekend;2;2;2;2;2;2;2
2012040517;1;0;APACHE;9;2012;17;33.78133333;-109.18025556;Boulder;Daylight;Clear;1;Collector;Daytime;Weekend;2;1;2;2;2;1;2
2012040522;1;0;PINAL;9;2012;2;33.035775;-111.65498611;Rollover/Overturn;Dark - Not Lighted;Clear;1;Minor arterial;Nighttime;Weekend;2;1;2;2;2;2;2
2012040523;1;0;COCONINO;9;2012;15;35.19874444;-111.92773056;Tree (Standing Only);Daylight;Cloudy;1;Local;Daytime;Weekend;2;2;2;2;2;2;2
2012040526;1;0;COCONINO;9;2012;12;35.30246111;-112.48171944;Rollover/Overturn;Daylight;Clear;1;Local;Daytime;Weekday;1;1;2;2;2;2;2
2012040527;2;0;MARICOPA;9;2012;18;33.34390556;-111.83632778;Motor Vehicle In-Transport;Daylight;Clear;1;Local;Nighttime;Weekend;2;1;2;2;2;2;2
2012040529;2;0;MARICOPA;9;2012;14;33.54235;-112.11693056;Motor Vehicle In-Transport;Daylight;Clear;1;Minor arterial;Daytime;Weekday;2;1;2;2;2;1;2
2012040530;1;0;COCONINO;9;2012;18;35.14289722;-112.03107778;Rollover/Overturn;Dusk;Clear;1;Local;Nighttime;Weekday;2;1;2;2;2;2;2
2012040533;1;0;COCONINO;9;2012;14;34.37675278;-111.02356944;Ditch;Daylight;Cloudy;1;Local;Daytime;Weekend;2;1;2;2;2;2;2
2012040536;1;0;MARICOPA;9;2012;17;33.57080278;-112.08715;Fence;Dark - Lighted;Clear;1;Local;Daytime;Weekday;2;2;2;2;2;2;2
2012040539;2;0;PIMA;10;2012;8;32.39526111;-111.04690556;Motor Vehicle In-Transport;Daylight;Clear;1;Collector;Daytime;Weekday;2;2;2;2;2;2;2
2012040540;1;0;PIMA;10;2012;1;32.23610556;-111.06154444;Rollover/Overturn;Dark - Not Lighted;Clear;1;Collector;Nighttime;Weekend;2;1;2;2;2;2;2
2012040541;1;0;GREENLEE;10;2012;13;32.81276111;-109.16924167;Rollover/Overturn;Daylight;Clear;1;Collector;Daytime;Weekend;2;2;2;2;2;2;2
2012040543;1;0;PIMA;10;2012;21;32.07705278;-110.64846389;Tree (Standing Only);Dark - Not Lighted;Clear;1;Collector;Nighttime;Weekend;2;2;2;2;2;1;2
2012040547;3;0;YAVAPAI;10;2012;15;34.50276389;-112.48040833;Motor Vehicle In-Transport;Daylight;Clear;1;Collector;Daytime;Weekend;2;2;2;2;2;2;2
2012040549;2;0;LA PAZ;10;2012;14;33.80484722;-113.57300278;Motor Vehicle In-Transport;Daylight;Clear;1;Collector;Daytime;Weekday;2;2;2;2;2;2;2
2012040559;1;0;LA PAZ;10;2012;19;34.22464167;-113.53711111;Rollover/Overturn;Dark - Not Lighted;Clear;1;Local;Nighttime;Weekday;2;1;2;2;2;1;2
2012040562;1;0;YAVAPAI;10;2012;13;34.77462778;-112.62095278;Shrubbery;Daylight;Clear;1;Collector;Daytime;Weekend;2;2;2;2;2;2;2
2012040563;1;0;YAVAPAI;10;2012;12;34.61975833;-112.42458889;Fell/Jumped from Vehicle;Daylight;Clear;1;Minor arterial;Daytime;Weekend;2;2;2;2;2;2;2
2012040566;1;0;YAVAPAI;10;2012;11;34.79811944;-111.91456944;Rollover/Overturn;Daylight;Clear;1;Minor arterial;Daytime;Weekday;2;1;2;2;2;2;2
2012040568;2;0;MARICOPA;9;2012;7;33.42118333;-112.25564722;Motor Vehicle In-Transport;Daylight;Clear;1;Collector;Daytime;Weekend;2;1;2;2;2;2;2
2012040570;2;0;MARICOPA;10;2012;5;33.42764444;-112.20389167;Motor Vehicle In-Transport;Dark - Lighted;Clear;1;Collector;Nighttime;Weekend;2;1;2;2;2;2;2
2012040571;1;0;MARICOPA;10;2012;23;33.29101111;-112.10029722;Boulder;Dark - Not Lighted;Clear;1;Local;Nighttime;Weekend;2;2;2;2;2;2;2
2012040572;1;0;PINAL;10;2012;8;33.00245278;-111.57163611;Rollover/Overturn;Daylight;Clear;1;Minor arterial;Daytime;Weekday;2;2;2;2;2;2;2
2012040575;1;0;PINAL;6;2012;14;32.59965278;-110.63153333;Utility Pole/Light Support;Daylight;Unknown;1;Local;Daytime;Weekend;2;2;2;2;2;2;2
2012040576;1;0;MARICOPA;7;2012;14;33.66741111;-112.42071389;Shrubbery;Daylight;Clear;1;Local;Daytime;Weekday;2;2;2;2;2;2;2
2012040577;2;0;MARICOPA;8;2012;16;33.63890278;-112.41853333;Motor Vehicle In-Transport;Daylight;Clear;1;Collector;Daytime;Weekday;2;1;2;2;2;2;2
2012040578;1;0;APACHE;6;2012;6;36.88653056;-109.05562778;Tree (Standing Only);Dark - Not Lighted;Clear;1;Minor arterial;Daytime;Weekend;2;2;2;2;2;2;2
2012040579;2;0;MARICOPA;9;2012;14;33.59451389;-112.333275;Motor Vehicle In-Transport;Daylight;Clear;1;Local;Daytime;Weekday;2;2;2;2;2;1;2
2012040580;1;1;PIMA;9;2012;18;32.272175;-110.94823889;Pedalcyclist;Dusk;Clear;1;Minor arterial;Nighttime;Weekday;2;2;2;1;1;2;2
2012040581;1;1;PIMA;9;2012;18;32.163125;-110.94343889;Pedestrian;Dark - Lighted;Clear;1;Minor arterial;Nighttime;Weekday;2;2;1;2;2;1;2
2012040582;1;0;PIMA;10;2012;3;32.25810278;-110.81766111;Rollover/Overturn;Dark - Not Lighted;Clear;1;Minor arterial;Nighttime;Weekday;2;2;2;2;2;2;2
2012040584;1;1;NAVAJO;10;2012;18;34.90596111;-110.15805833;Pedestrian;Dark - Lighted;Clear;1;Local;Nighttime;Weekday;2;2;1;2;2;2;2
2012040585;1;0;NAVAJO;10;2012;5;34.46724167;-110.09971111;Parked Motor Vehicle;Dark - Not Lighted;Clear;1;Local;Nighttime;Weekend;2;1;2;2;2;2;2
2012040587;2;0;APACHE;9;2012;19;99.9999;999.9999;Motor Vehicle In-Transport;Not Reported;Not Reported;1;Local;Nighttime;Weekday;2;1;2;2;2;2;2
2012040588;1;0;PINAL;9;2012;21;33.31673889;-111.56343333;Rollover/Overturn;Dark - Not Lighted;Cloudy;1;Local;Nighttime;Weekend;2;1;2;2;2;2;2
2012040590;1;0;PINAL;9;2012;2;32.95827778;-111.35473333;Tree (Standing Only);Dark - Unknown Lighting;Unknown;1;Local;Nighttime;Weekend;2;1;2;2;2;2;2
2012040593;1;1;MARICOPA;9;2012;18;33.3647;-111.96076944;Pedestrian;Daylight;Clear;1;Local;Nighttime;Weekday;2;2;1;2;2;2;2
2012040594;1;0;APACHE;9;2012;18;36.17583889;-109.47600833;Rollover/Overturn;Dusk;Clear;1;Collector;Nighttime;Weekday;2;1;2;2;2;2;2
2012040595;1;0;APACHE;9;2012;21;99.9999;999.9999;Fell/Jumped from Vehicle;Dark - Unknown Lighting;Not Reported;1;Local;Nighttime;Weekend;2;2;2;2;2;1;2
2012040597;1;1;COCONINO;9;2012;22;35.16165278;-111.65976389;Pedalcyclist;Dark - Lighted;Clear;1;Local;Nighttime;Weekend;2;1;2;1;1;2;2
2012040598;2;0;PINAL;9;2012;18;32.8649;-111.75733611;Motor Vehicle In-Transport;Dusk;Clear;1;Collector;Nighttime;Weekend;2;1;2;2;2;2;2
2012040599;2;0;MARICOPA;9;2012;10;33.42228889;-111.59797222;Motor Vehicle In-Transport;Daylight;Clear;1;Minor arterial;Daytime;Weekday;2;1;2;2;2;2;2
2012040601;1;0;COCONINO;9;2012;16;36.07124167;-111.31140556;Embankment;Daylight;Clear;1;Unknown;Daytime;Weekday;2;1;2;2;2;2;2
2012040603;1;1;APACHE;9;2012;20;36.16675;-109.5855;Pedestrian;Dark - Not Lighted;Clear;1;Collector;Nighttime;Weekend;2;2;1;2;2;2;2
2012040604;1;0;APACHE;9;2012;11;35.70795278;-109.31707222;Rollover/Overturn;Daylight;Unknown;1;Minor arterial;Daytime;Weekend;2;2;2;2;2;2;2
2012040605;2;0;APACHE;9;2012;16;35.71884444;-109.38263333;Motor Vehicle In-Transport;Daylight;Unknown;2;Minor arterial;Daytime;Weekday;2;2;2;2;2;2;2
2012040606;3;0;MARICOPA;5;2012;13;33.74133889;-111.74370556;Motor Vehicle In-Transport;Daylight;Clear;1;Collector;Daytime;Weekday;2;2;2;2;2;1;2
2012040607;1;0;NAVAJO;1;2012;16;99.9999;999.9999;Embankment;Daylight;Unknown;1;Unknown;Daytime;Weekend;2;1;2;2;2;2;2
2012040608;1;0;MARICOPA;5;2012;9;33.6457;-112.36641944;Fell/Jumped from Vehicle;Daylight;Clear;1;Local;Daytime;Weekend;2;2;2;2;2;2;2
2012040610;1;0;COCHISE;10;2012;12;32.40695556;-109.66198611;Rollover/Overturn;Daylight;Clear;1;Minor arterial;Daytime;Weekday;2;1;2;2;2;2;2
2012040612;1;0;MARICOPA;10;2012;8;33.64751944;-112.28636389;Curb;Dawn;Clear;1;Local;Daytime;Weekday;2;1;2;2;2;2;2
2012040615;2;0;MARICOPA;10;2012;16;33.68384722;-112.06239722;Motor Vehicle In-Transport;Daylight;Clear;1;Collector;Daytime;Weekday;2;2;2;2;2;1;2
2012040617;1;0;MOHAVE;10;2012;13;99.9999;999.9999;Rollover/Overturn;Daylight;Unknown;1;Local;Daytime;Weekday;2;2;2;2;2;2;2
2012040618;2;0;MARICOPA;10;2012;17;33.68377222;-112.10647778;Motor Vehicle In-Transport;Daylight;Clear;1;Collector;Daytime;Weekday;2;2;2;2;2;2;2
2012040619;1;0;PINAL;10;2012;16;99.9999;999.9999;Unknown;Daylight;Unknown;1;Local;Daytime;Weekday;2;2;2;2;2;2;2
2012040620;1;1;MARICOPA;10;2012;20;33.38084722;-112.254275;Pedestrian;Dark - Not Lighted;Clear;1;Collector;Nighttime;Weekend;2;2;1;2;2;2;2
2012040621;1;0;MARICOPA;10;2012;1;33.46594722;-112.14313333;Traffic Signal Support;Dark - Lighted;Clear;1;Minor arterial;Nighttime;Weekend;2;1;2;2;2;2;2
2012040622;1;1;MARICOPA;10;2012;12;33.60730278;-112.22009722;Pedestrian;Daylight;Clear;1;Minor arterial;Daytime;Weekend;2;2;1;2;2;2;2
2012040625;1;0;MARICOPA;10;2012;4;33.31038333;-111.84450833;Curb;Dark - Lighted;Clear;1;Local;Nighttime;Weekend;2;2;2;2;2;2;2
2012040626;2;0;MARICOPA;10;2012;17;33.58082222;-112.25390833;Motor Vehicle In-Transport;Daylight;Unknown;1;Minor arterial;Daytime;Weekday;2;2;2;2;2;2;2
2012040627;1;0;NAVAJO;10;2012;12;99.9999;999.9999;Unknown;Daylight;Unknown;1;Collector;Daytime;Weekday;2;2;2;2;2;2;2
2012040629;2;0;MARICOPA;10;2012;20;33.50080278;-112.29010833;Motor Vehicle In-Transport;Dark - Not Lighted;Clear;2;Collector;Nighttime;Weekday;2;2;2;2;2;2;2
2012040630;1;0;MARICOPA;10;2012;0;33.37839722;-112.39728889;Boulder;Dark - Not Lighted;Clear;1;Collector;Nighttime;Weekday;2;1;2;2;2;2;2
2012040631;2;0;MARICOPA;10;2012;23;33.508175;-112.28999167;Motor Vehicle In-Transport;Dark - Lighted;Clear;1;Minor arterial;Nighttime;Weekday;2;1;2;2;2;2;2
2012040636;2;0;YAVAPAI;11;2012;11;34.55689167;-112.47511944;Motor Vehicle In-Transport;Daylight;Clear;1;Minor arterial;Daytime;Weekday;2;2;2;2;2;2;2
2012040637;1;1;MARICOPA;11;2012;19;33.29151389;-111.83772222;Pedestrian;Dark - Lighted;Clear;1;Minor arterial;Nighttime;Weekend;2;2;1;2;2;2;2
2012040642;1;1;COCONINO;11;2012;17;36.90765278;-111.45516944;Pedestrian;Dusk;Clear;1;Minor arterial;Daytime;Weekday;2;2;1;2;2;2;2
2012040647;1;1;PINAL;11;2012;19;33.28726667;-111.10574444;Pedestrian;Dark - Lighted;Clear;1;Minor arterial;Nighttime;Weekday;1;2;1;2;2;2;2
2012040650;1;0;APACHE;11;2012;10;35.65916667;-109.11683889;Other Object (not fixed);Daylight;Clear;1;Minor arterial;Daytime;Weekday;2;1;2;2;2;2;2
2012040652;2;0;MARICOPA;11;2012;17;33.36725833;-111.76131111;Motor Vehicle In-Transport;Dusk;Clear;1;Local;Daytime;Weekday;2;2;2;2;2;1;2
2012040653;1;1;YAVAPAI;11;2012;17;34.56775556;-112.49459444;Pedestrian;Dark - Lighted;Cloudy;1;Minor arterial;Daytime;Weekend;2;2;1;2;2;2;2
2012040655;2;0;LA PAZ;11;2012;9;33.80484722;-113.57300278;Motor Vehicle In-Transport;Daylight;Clear;1;Collector;Daytime;Weekend;2;2;2;2;2;2;2
2012040661;4;0;MARICOPA;11;2012;16;33.37761389;-112.15105;Motor Vehicle In-Transport;Daylight;Clear;1;Minor arterial;Daytime;Weekday;2;1;2;2;2;2;2
2012040662;1;0;PIMA;11;2012;8;32.20456944;-112.53140278;Tree (Standing Only);Daylight;Clear;1;Minor arterial;Daytime;Weekday;2;2;2;2;2;2;2
2012040665;2;0;MARICOPA;11;2012;20;33.33558611;-111.77290833;Motor Vehicle In-Transport;Dark - Lighted;Clear;1;Minor arterial;Nighttime;Weekend;2;2;2;2;2;1;2
2012040667;3;0;PINAL;11;2012;21;32.87968333;-111.61913889;Motor Vehicle In-Transport;Dark - Not Lighted;Clear;2;Minor arterial;Nighttime;Weekday;2;1;2;2;2;2;2
2012040671;1;0;YAVAPAI;12;2012;0;34.71593056;-112.45324444;Curb;Dark - Lighted;Clear;1;Collector;Nighttime;Weekend;2;1;2;2;2;2;2
2012040672;1;0;PIMA;12;2012;7;32.03753889;-111.51248333;Embankment;Daylight;Clear;1;Minor arterial;Daytime;Weekend;2;1;2;2;2;2;2
2012040673;2;0;MARICOPA;12;2012;12;33.830275;-112.43660833;Motor Vehicle In-Transport;Daylight;Cloudy;1;Collector;Daytime;Weekend;2;2;2;2;2;2;2
2012040674;2;0;MARICOPA;12;2012;16;33.40768056;-111.71916389;Motor Vehicle In-Transport;Daylight;Clear;1;Minor arterial;Daytime;Weekend;2;2;2;2;2;2;2
2012040683;2;0;MARICOPA;12;2012;13;33.54494167;-112.35862222;Motor Vehicle In-Transport;Daylight;Clear;1;Collector;Daytime;Weekend;2;1;2;2;2;2;2
2012040684;1;1;MARICOPA;12;2012;14;33.51657222;-112.11693611;Pedalcyclist;Daylight;Clear;1;Minor arterial;Daytime;Weekday;2;2;2;1;1;2;2
2012040685;1;0;PIMA;12;2012;15;32.19978056;-110.90089444;Curb;Daylight;Clear;1;Minor arterial;Daytime;Weekday;2;2;2;2;2;2;2
2012040687;2;0;PIMA;12;2012;2;32.20315556;-111.01175;Motor Vehicle In-Transport;Dark - Lighted;Cloudy;1;Local;Nighttime;Weekend;2;2;2;2;2;2;2
2012040689;2;0;MARICOPA;12;2012;16;33.45440278;-111.70147222;Motor Vehicle In-Transport;Daylight;Clear;1;Collector;Daytime;Weekday;2;2;2;2;2;2;2