accident_id;vehicle;peds;county;month;year;hour;latitude;longitude;harm_ev;lgt_cond;weather;fatals;road_fc;tod;dow;large_truck;speeding;ped_f;pedal;pedal_f;distracted_driver;drowsy_driver
2012040690;1;1;PINAL;12;2012;9;32.89413333;-111.74426944;Pedestrian;Daylight;Clear;1;Minor arterial;Daytime;Weekday;2;2;1;2;2;2;2
2012040696;1;0;MARICOPA;11;2012;11;33.34771944;-111.59244167;Shrubbery;Daylight;Clear;1;Local;Daytime;Weekend;2;1;2;2;2;2;1
2012040699;1;0;COCONINO;11;2012;7;35.96032778;-110.85167222;Rollover/Overturn;Unknown;Unknown;1;Minor arterial;Daytime;Weekend;2;2;2;2;2;2;2
2012040708;2;0;PINAL;12;2012;11;32.734125;-111.51579722;Motor Vehicle In-Transport;Daylight;Clear;2;Collector;Daytime;Weekday;2;2;2;2;2;2;2
2012040709;1;0;PIMA;11;2012;19;32.29005833;-110.93700556;Fire/Explosion;Dark - Unknown Lighting;Not Reported;1;Local;Nighttime;Weekend;2;2;2;2;2;2;2
2012040710;1;0;APACHE;12;2012;4;34.19008611;-109.32091389;Boulder;Dark - Not Lighted;Clear;1;Minor arterial;Nighttime;Weekday;1;2;2;2;2;2;2
2012040712;1;0;MARICOPA;12;2012;6;33.52146944;-112.20312222;Utility Pole/Light Support;Daylight;Clear;2;Minor arterial;Daytime;Weekend;2;1;2;2;2;2;2
2012040713;1;0;COCONINO;12;2012;7;35.20968611;-111.4166;Mail Box;Dawn;Clear;1;Collector;Daytime;Weekday;2;2;2;2;2;2;2
2012040715;2;0;COCONINO;12;2012;12;35.24661111;-111.84406667;Motor Vehicle In-Transport;Daylight;Blowing Snow;1;Minor arterial;Daytime;Weekend;2;1;2;2;2;2;2
2012040721;1;0;MARICOPA;12;2012;0;33.54450556;-112.25516667;Rollover/Overturn;Dark - Lighted;Clear;1;Minor arterial;Nighttime;Weekend;2;1;2;2;2;2;2
2012040722;2;0;MARICOPA;12;2012;18;33.46578611;-112.02581667;Motor Vehicle In-Transport;Dark - Lighted;Clear;1;Minor arterial;Nighttime;Weekday;2;1;2;2;2;2;2
2012040724;1;1;MARICOPA;12;2012;18;33.46822222;-112.15173611;Pedestrian;Dark - Lighted;Clear;1;Minor arterial;Nighttime;Weekday;2;2;1;2;2;2;2
2012040725;1;1;MARICOPA;12;2012;4;33.46555;-112.18651944;Pedestrian;Dark - Lighted;Clear;1;Minor arterial;Nighttime;Weekday;2;2;1;2;2;2;2
2012040726;1;0;LA PAZ;12;2012;17;99.9999;999.9999;Immersion or Partial Immersion;Daylight;Unknown;1;Local;Daytime;Weekday;2;2;2;2;2;2;2
2012040728;2;0;MARICOPA;12;2012;4;33.40849444;-112.21621667;Motor Vehicle In-Transport;Dark - Not Lighted;Cloudy;1;Collector;Nighttime;Weekend;2;2;2;2;2;2;2
2012040729;2;0;MARICOPA;12;2012;12;33.43308889;-112.089025;Motor Vehicle In-Transport;Daylight;Clear;1;Local;Daytime;Weekday;2;1;2;2;2;2;2
2012040730;2;0;PINAL;12;2012;14;33.21993333;-111.56326111;Motor Vehicle In-Transport;Daylight;Clear;1;Local;Daytime;Weekend;2;2;2;2;2;2;2
2012040733;1;0;PINAL;12;2012;13;33.01666667;-111.58333333;Unknown;Daylight;Unknown;1;Local;Daytime;Weekday;2;2;2;2;2;2;2
2012040734;2;0;MARICOPA;12;2012;12;33.24830556;-111.78946667;Motor Vehicle In-Transport;Daylight;Clear;1;Collector;Daytime;Weekday;1;2;2;2;2;1;2
2012040736;1;0;MARICOPA;12;2012;10;33.59988056;-111.99244444;Curb;Daylight;Clear;1;Collector;Daytime;Weekday;2;1;2;2;2;2;2
2012040738;1;0;MARICOPA;12;2012;23;33.63979167;-112.23344444;Curb;Dark - Lighted;Clear;2;Collector;Nighttime;Weekend;2;2;2;2;2;2;2
2012040739;1;1;PINAL;7;2012;16;32.55448333;-110.78386667;Pedestrian;Daylight;Unknown;1;Local;Daytime;Weekend;2;2;1;2;2;2;2
2012040740;1;0;APACHE;12;2012;1;35.6928;-109.26352222;Unknown;Dark - Unknown Lighting;Unknown;3;Minor arterial;Nighttime;Weekday;2;2;2;2;2;2;2
2012040741;1;1;MARICOPA;12;2012;13;33.43554722;-112.5561;Pedestrian;Daylight;Cloudy;1;Collector;Daytime;Weekday;2;2;1;2;2;2;2
2012040743;1;0;COCONINO;10;2012;11;99.9999;999.9999;Tree (Standing Only);Daylight;Unknown;1;Collector;Daytime;Weekday;2;2;2;2;2;2;2
2012040746;2;0;COCHISE;12;2012;16;31.96326111;-109.89827222;Motor Vehicle In-Transport;Daylight;Clear;1;Local;Daytime;Weekday;2;2;2;2;2;2;2
2012040747;2;0;PINAL;12;2012;16;33.21994167;-111.56673611;Motor Vehicle In-Transport;Daylight;Rain;1;Collector;Daytime;Weekday;2;2;2;2;2;2;2
2012040748;1;1;MARICOPA;12;2012;19;33.46568056;-111.992125;Non-Motorist on Personal Conveyance;Dark - Lighted;Clear;1;Minor arterial;Nighttime;Weekday;2;2;2;2;2;2;2
2012040749;1;0;MARICOPA;11;2012;0;33.68194722;-112.14333333;Rollover/Overturn;Dark - Lighted;Clear;1;Local;Nighttime;Weekend;2;1;2;2;2;2;2
2012040751;1;2;APACHE;5;2012;5;99.9999;999.9999;Pedestrian;Dark - Lighted;Clear;1;Collector;Nighttime;Weekend;2;2;1;2;2;2;2
2013040005;2;0;COCHISE;1;2013;6;31.85171111;-110.19965833;Motor Vehicle In-Transport;Dawn;Clear;1;Minor arterial;Daytime;Weekday;2;2;2;2;2;2;2
2013040010;2;0;NAVAJO;1;2013;12;34.19603889;-109.99022778;Motor Vehicle In-Transport;Daylight;Cloudy;1;Local;Daytime;Weekday;2;1;2;2;2;2;2
2013040012;1;1;PIMA;1;2013;18;32.155675;-111.01601111;Pedestrian;Dark - Not Lighted;Clear;1;Minor arterial;Nighttime;Weekend;2;2;1;2;2;2;2
2013040014;1;0;SANTA CRUZ;1;2013;12;31.34882778;-110.92726111;Curb;Daylight;Clear;1;Minor arterial;Daytime;Weekend;2;1;2;2;2;2;2
2013040015;1;0;COCHISE;1;2013;9;31.36681389;-109.88676667;Utility Pole/Light Support;Daylight;Clear;1;Collector;Daytime;Weekday;2;1;2;2;2;2;2
2013040016;1;0;YAVAPAI;1;2013;17;34.27141111;-112.90475278;Ditch;Daylight;Clear;1;Local;Daytime;Weekday;2;2;2;2;2;2;2
2013040017;2;0;MARICOPA;1;2013;17;33.40819167;-111.76259167;Motor Vehicle In-Transport;Daylight;Clear;1;Minor arterial;Daytime;Weekend;2;2;2;2;2;1;2
2013040018;1;0;PIMA;1;2013;0;32.33758611;-111.119575;Fence;Dark - Not Lighted;Clear;1;Collector;Nighttime;Weekend;2;1;2;2;2;2;2
2013040021;1;0;PIMA;1;2013;20;32.17743611;-110.78980278;Embankment;Dark - Not Lighted;Clear;1;Minor arterial;Nighttime;Weekend;2;2;2;2;2;2;2
2013040023;3;0;YAVAPAI;1;2013;15;34.63979444;-112.31579167;Motor Vehicle In-Transport;Daylight;Clear;1;Minor arterial;Daytime;Weekday;2;2;2;2;2;1;2
2013040024;3;0;MARICOPA;1;2013;18;33.53310556;-112.34100833;Rollover/Overturn;Dark - Lighted;Clear;1;Collector;Nighttime;Weekday;2;1;2;2;2;2;2
2013040026;2;0;YAVAPAI;1;2013;15;34.49708889;-111.717275;Motor Vehicle In-Transport;Daylight;Rain;2;Minor arterial;Daytime;Weekend;2;1;2;2;2;1;2
2013040031;2;0;MARICOPA;1;2013;11;33.60293333;-112.26989167;Motor Vehicle In-Transport;Daylight;Clear;1;Minor arterial;Daytime;Weekday;2;2;2;2;2;2;2
2013040034;1;0;PINAL;1;2013;18;33.16193889;-111.49633889;Utility Pole/Light Support;Dark - Not Lighted;Clear;1;Local;Nighttime;Weekend;2;1;2;2;2;2;2
2013040035;1;0;NAVAJO;1;2013;16;34.80336389;-110.20802222;Rollover/Overturn;Daylight;Clear;1;Collector;Daytime;Weekday;2;1;2;2;2;2;2
2013040036;1;1;MARICOPA;1;2013;19;33.52511944;-112.11689722;Pedestrian;Dark - Lighted;Rain;1;Minor arterial;Nighttime;Weekend;2;2;1;2;2;2;2
2013040037;3;0;MARICOPA;1;2013;11;33.40215278;-111.77118056;Motor Vehicle In-Transport;Daylight;Rain;1;Minor arterial;Daytime;Weekend;2;2;2;2;2;2;2
2013040039;1;0;NAVAJO;1;2013;15;99.9999;999.9999;Rollover/Overturn;Daylight;Clear;1;Minor arterial;Daytime;Weekday;2;2;2;2;2;1;2
2013040040;1;1;MARICOPA;1;2013;18;33.5821;-112.095775;Pedestrian;Dark - Lighted;Clear;1;Minor arterial;Nighttime;Weekday;2;2;1;2;2;2;2
2013040042;2;0;YUMA;1;2013;17;32.77981944;-113.95379722;Motor Vehicle In-Transport;Dusk;Cloudy;1;Local;Daytime;Weekday;2;1;2;2;2;2;2
2013040045;2;1;MARICOPA;1;2013;6;33.59296389;-112.15141667;Pedestrian;Dark - Lighted;Clear;1;Minor arterial;Daytime;Weekday;2;2;1;2;2;2;2
2013040046;1;0;MARICOPA;1;2013;22;33.45127778;-112.00146111;Utility Pole/Light Support;Dark - Lighted;Clear;1;Minor arterial;Nighttime;Weekend;2;1;2;2;2;2;1
2013040047;2;0;MARICOPA;1;2013;17;33.55309444;-112.10399444;Rollover/Overturn;Dusk;Clear;1;Minor arterial;Daytime;Weekend;2;2;2;2;2;2;2
2013040048;2;0;MARICOPA;1;2013;8;33.42228611;-111.60772222;Motor Vehicle In-Transport;Daylight;Clear;1;Minor arterial;Daytime;Weekday;2;1;2;2;2;2;2
2013040051;1;0;APACHE;1;2013;23;99.9999;999.9999;Rollover/Overturn;Dark - Unknown Lighting;Unknown;1;Unknown;Nighttime;Weekday;2;2;2;2;2;2;2
2013040052;3;0;MARICOPA;1;2013;10;33.45177222;-112.22115833;Motor Vehicle In-Transport;Daylight;Clear;1;Minor arterial;Daytime;Weekend;1;2;2;2;2;2;2
2013040053;1;1;APACHE;1;2013;6;99.9999;999.9999;Pedestrian;Daylight;Unknown;1;Collector;Daytime;Weekend;2;2;1;2;2;2;2
2013040054;1;0;MARICOPA;1;2013;15;99.9999;999.9999;Other Fixed Object;Daylight;Unknown;1;Collector;Daytime;Weekend;2;2;2;2;2;2;2
2013040055;1;0;MARICOPA;1;2013;15;33.36294722;-112.55733333;Embankment;Daylight;Clear;1;Local;Daytime;Weekend;2;1;2;2;2;2;2
2013040056;4;0;MARICOPA;1;2013;14;99.9999;999.9999;Motor Vehicle In-Transport;Daylight;Unknown;2;Local;Daytime;Weekend;2;2;2;2;2;2;2
2013040057;4;0;PIMA;1;2013;20;32.13343333;-111.07320833;Motor Vehicle In-Transport;Dark - Not Lighted;Clear;1;Collector;Nighttime;Weekend;2;1;2;2;2;2;2
2013040062;4;0;COCHISE;2;2013;16;31.53576389;-110.27853889;Motor Vehicle In-Transport;Daylight;Clear;1;Minor arterial;Daytime;Weekday;2;1;2;2;2;2;2
2013040066;1;0;COCONINO;2;2013;12;35.11982778;-111.70828056;Ditch;Daylight;Clear;1;Minor arterial;Daytime;Weekend;2;2;2;2;2;2;2
2013040067;1;1;MARICOPA;2;2013;14;33.46575556;-111.9005;Pedalcyclist;Daylight;Clear;1;Collector;Daytime;Weekday;2;2;2;1;1;2;2
2013040068;2;0;PIMA;2;2013;12;32.25094444;-110.77221944;Motor Vehicle In-Transport;Daylight;Clear;1;Minor arterial;Daytime;Weekend;2;2;2;2;2;2;2
2013040069;1;1;PINAL;2;2013;5;33.08815278;-111.77058056;Pedestrian;Dark - Not Lighted;Clear;1;Collector;Nighttime;Weekday;2;2;1;2;2;2;2
2013040071;2;0;PIMA;2;2013;19;32.11555;-111.04596111;Motor Vehicle In-Transport;Dark - Not Lighted;Clear;1;Local;Nighttime;Weekday;2;2;2;2;2;2;2
2013040074;1;0;MARICOPA;2;2013;17;33.44983056;-112.34106667;Curb;Daylight;Cloudy;1;Collector;Daytime;Weekend;2;2;2;2;2;2;2
2013040076;3;0;MARICOPA;2;2013;16;33.85168611;-112.55526389;Motor Vehicle In-Transport;Daylight;Sleet or Hail;1;Collector;Daytime;Weekday;2;1;2;2;2;2;2
2013040077;1;1;PIMA;2;2013;18;32.26473611;-110.97439167;Pedestrian;Dark - Not Lighted;Rain;1;Minor arterial;Nighttime;Weekday;2;2;1;2;2;2;2
2013040081;2;0;PIMA;2;2013;18;32.13489722;-110.97768056;Motor Vehicle In-Transport;Dusk;Clear;1;Minor arterial;Nighttime;Weekend;2;1;2;2;2;2;2
2013040083;2;0;MARICOPA;2;2013;11;33.46795556;-111.78177222;Motor Vehicle In-Transport;Daylight;Clear;1;Minor arterial;Daytime;Weekday;1;2;2;2;2;2;2
2013040085;1;0;APACHE;2;2013;13;36.33086389;-109.6221;Fence;Daylight;Clear;1;Collector;Daytime;Weekend;2;1;2;2;2;2;2
2013040090;1;0;PIMA;2;2013;18;31.58331111;-111.29908889;Rollover/Overturn;Dark - Lighted;Clear;1;Local;Nighttime;Weekend;2;1;2;2;2;2;2
2013040094;1;0;PINAL;2;2013;13;33.05635278;-112.04830556;Traffic Signal Support;Daylight;Clear;1;Minor arterial;Daytime;Weekday;2;1;2;2;2;2;2
2013040096;1;0;GILA;2;2013;12;34.34447222;-111.19113889;Tree (Standing Only);Daylight;Clear;1;Collector;Daytime;Weekday;2;2;2;2;2;1;2
2013040099;1;0;NAVAJO;3;2013;17;34.50873889;-110.17906667;Rollover/Overturn;Dusk;Clear;1;Collector;Daytime;Weekend;2;1;2;2;2;2;2
2013040101;2;0;PINAL;3;2013;19;33.38591111;-111.56335556;Motor Vehicle In-Transport;Dark - Lighted;Not Reported;1;Minor arterial;Nighttime;Weekday;2;2;2;2;2;2;2
2013040104;1;0;PIMA;3;2013;18;32.33730833;-110.92677778;Curb;Dark - Not Lighted;Clear;1;Local;Nighttime;Weekend;2;1;2;2;2;2;2
2013040107;1;1;PIMA;3;2013;7;32.487625;-110.91433056;Pedestrian;Dark - Not Lighted;Clear;1;Local;Daytime;Weekday;2;2;1;2;2;2;2
2013040113;1;0;GILA;3;2013;14;33.80762778;-110.47527222;Embankment;Daylight;Clear;1;Minor arterial;Daytime;Weekday;2;1;2;2;2;2;2
2013040115;1;0;YAVAPAI;3;2013;15;34.57840833;-112.47070556;Tree (Standing Only);Daylight;Clear;1;Local;Daytime;Weekend;2;2;2;2;2;1;2
2013040121;1;0;MARICOPA;3;2013;19;33.36435556;-111.83122778;Curb;Dark - Lighted;Clear;1;Minor arterial;Nighttime;Weekday;2;2;2;2;2;2;2
2013040123;1;0;PIMA;3;2013;17;32.35046944;-110.72495;Guardrail Face;Daylight;Clear;1;Collector;Daytime;Weekday;2;2;2;2;2;2;2
2013040124;1;0;GILA;3;2013;15;34.38076667;-111.46790556;Rollover/Overturn;Daylight;Clear;1;Local;Daytime;Weekend;2;2;2;2;2;2;2
2013040125;1;0;COCONINO;3;2013;11;34.44093611;-111.47229167;Tree (Standing Only);Daylight;Clear;1;Collector;Daytime;Weekend;2;2;2;2;2;2;2
2013040128;1;0;MARICOPA;2;2013;2;33.43658056;-111.98145556;Concrete Traffic Barrier;Dark - Lighted;Clear;1;Minor arterial;Nighttime;Weekend;1;1;2;2;2;2;2
2013040130;1;1;NAVAJO;2;2013;23;99.9999;999.9999;Pedestrian;Dark - Unknown Lighting;Unknown;1;Collector;Nighttime;Weekend;2;2;1;2;2;2;2
2013040132;2;0;COCONINO;2;2013;9;99.9999;999.9999;Motor Vehicle In-Transport;Daylight;Unknown;1;Local;Daytime;Weekday;2;2;2;2;2;2;2
2013040133;1;0;PINAL;2;2013;12;32.5328;-110.86882222;Rollover/Overturn;Daylight;Clear;1;Local;Daytime;Weekday;2;2;2;2;2;2;2
2013040138;2;0;MARICOPA;2;2013;15;33.81835278;-111.89126111;Motor Vehicle In-Transport;Daylight;Clear;1;Collector;Daytime;Weekend;2;2;2;2;2;2;2
2013040140;1;0;MARICOPA;2;2013;15;32.99950278;-112.50024722;Traffic Sign Support;Daylight;Clear;1;Collector;Daytime;Weekday;2;1;2;2;2;2;2
2013040142;1;1;MARICOPA;2;2013;18;33.48601389;-112.03888056;Pedestrian;Dark - Lighted;Clear;1;Local;Nighttime;Weekday;2;2;1;2;2;2;2
2013040145;1;0;MARICOPA;1;2013;11;33.22427778;-111.85836667;Curb;Daylight;Rain;1;Collector;Daytime;Weekday;2;1;2;2;2;1;2
2013040146;1;1;MARICOPA;2;2013;19;33.53798333;-112.21971111;Pedestrian;Dark - Lighted;Clear;1;Minor arterial;Nighttime;Weekend;2;2;1;2;2;2;2
2013040151;1;0;YAVAPAI;3;2013;6;34.77664722;-111.92905556;Rollover/Overturn;Daylight;Clear;1;Collector;Daytime;Weekday;2;2;2;2;2;2;2
2013040153;1;0;COCONINO;3;2013;6;35.19040556;-111.36743611;Ditch;Dawn;Clear;1;Local;Daytime;Weekend;2;1;2;2;2;2;2
2013040154;2;0;PIMA;3;2013;15;31.73756389;-110.66343611;Motor Vehicle In-Transport;Daylight;Clear;1;Collector;Daytime;Weekend;2;2;2;2;2;2;2
2013040158;1;0;MARICOPA;3;2013;12;33.206325;-111.64205278;Cargo/Equipment Loss or Shift (harmful to this vehicle);Daylight;Clear;1;Local;Daytime;Weekday;1;2;2;2;2;2;2
2013040159;2;0;MARICOPA;3;2013;19;33.60931389;-112.37246111;Motor Vehicle In-Transport;Dark - Lighted;Clear;1;Local;Nighttime;Weekday;2;2;2;2;2;2;2
2013040160;1;1;GILA;3;2013;16;33.37810556;-110.45905833;Pedestrian;Daylight;Clear;1;Local;Daytime;Weekday;2;2;1;2;2;1;2
2013040161;1;1;PIMA;3;2013;19;32.28942222;-111.00319444;Pedestrian;Dark - Not Lighted;Clear;1;Minor arterial;Nighttime;Weekday;2;2;1;2;2;2;2
2013040166;1;1;MARICOPA;3;2013;16;33.55289167;-112.05872222;Pedestrian;Daylight;Clear;1;Minor arterial;Daytime;Weekend;2;2;1;2;2;2;2
2013040168;1;0;LA PAZ;3;2013;19;99.9999;999.9999;Rollover/Overturn;Unknown;Unknown;1;Local;Nighttime;Weekday;2;2;2;2;2;2;2
2013040169;2;0;MARICOPA;3;2013;5;33.27703056;-111.80688889;Rollover/Overturn;Dark - Lighted;Clear;1;Collector;Nighttime;Weekday;2;2;2;2;2;1;2
2013040170;1;0;COCONINO;3;2013;7;36.6;-111.06666667;Unknown;Daylight;Unknown;1;Local;Daytime;Weekday;2;2;2;2;2;2;2
2013040171;2;1;MARICOPA;3;2013;20;33.397675;-112.06464167;Pedalcyclist;Dark - Lighted;Rain;1;Minor arterial;Nighttime;Weekend;2;1;2;1;1;2;2
2013040174;1;0;MARICOPA;3;2013;0;33.79397222;-112.11700278;Curb;Dark - Lighted;Clear;1;Local;Nighttime;Weekday;2;2;2;2;2;2;2
2013040175;1;1;MARICOPA;3;2013;18;33.46598333;-112.17101667;Non-Motorist on Personal Conveyance;Dusk;Clear;1;Minor arterial;Nighttime;Weekend;2;1;2;2;2;2;2
2013040180;1;1;MARICOPA;3;2013;19;33.41468333;-111.91564444;Pedestrian;Dark - Lighted;Clear;1;Minor arterial;Nighttime;Weekday;2;1;1;2;2;2;2
2013040181;1;0;APACHE;3;2013;5;35.67478333;-109.18508056;Guardrail End;Dawn;Clear;2;Minor arterial;Nighttime;Weekend;2;1;2;2;2;2;2
2013040182;1;0;MARICOPA;3;2013;17;33.44596944;-112.09582778;Curb;Daylight;Clear;1;Local;Daytime;Weekend;2;1;2;2;2;2;2
2013040183;2;0;MARICOPA;3;2013;20;33.42290278;-111.68723333;Motor Vehicle In-Transport;Dark - Lighted;Clear;1;Minor arterial;Nighttime;Weekend;2;2;2;2;2;2;2
2013040187;1;1;MARICOPA;2;2013;20;33.5739;-112.35903333;Pedalcyclist;Dark - Not Lighted;Clear;1;Collector;Nighttime;Weekend;2;2;2;1;1;2;2
2013040191;1;0;MARICOPA;4;2013;20;33.29074444;-111.94565833;Curb;Dark - Lighted;Clear;1;Minor arterial;Nighttime;Weekday;2;2;2;2;2;2;2
2013040192;1;1;PIMA;4;2013;11;32.22099167;-110.89223611;Pedestrian;Daylight;Cloudy;1;Minor arterial;Daytime;Weekday;2;2;1;2;2;2;2
2013040195;1;0;LA PAZ;4;2013;10;33.90769722;-113.98315556;Rollover/Overturn;Daylight;Clear;1;Collector;Daytime;Weekend;2;2;2;2;2;2;2
2013040197;1;0;PIMA;4;2013;13;31.86599722;-110.68823889;Guardrail Face;Daylight;Clear;1;Collector;Daytime;Weekend;2;2;2;2;2;2;2
2013040199;1;0;PIMA;4;2013;22;32.29494167;-110.77858611;Tree (Standing Only);Dark - Not Lighted;Clear;1;Minor arterial;Nighttime;Weekday;2;1;2;2;2;2;2
2013040200;2;0;MARICOPA;4;2013;18;33.464275;-112.34095556;Motor Vehicle In-Transport;Dusk;Clear;1;Collector;Nighttime;Weekday;2;2;2;2;2;2;2
2013040202;2;0;PIMA;4;2013;11;32.25081389;-110.83551389;Motor Vehicle In-Transport;Daylight;Clear;1;Minor arterial;Daytime;Weekday;2;2;2;2;2;1;2
2013040203;2;0;PINAL;4;2013;6;32.82696389;-111.51529722;Motor Vehicle In-Transport;Daylight;Clear;1;Collector;Daytime;Weekend;1;1;2;2;2;2;2
2013040204;1;0;MOHAVE;4;2013;17;36.79076944;-113.99424722;Rollover/Overturn;Daylight;Clear;1;Local;Daytime;Weekend;2;1;2;2;2;2;2
2013040205;2;0;MARICOPA;4;2013;20;33.22329444;-111.685825;Motor Vehicle In-Transport;Dark - Not Lighted;Clear;1;Collector;Nighttime;Weekend;2;2;2;2;2;2;2
2013040210;1;0;PINAL;4;2013;5;33.10670833;-111.73761667;Rollover/Overturn;Dawn;Clear;1;Collector;Nighttime;Weekday;2;2;2;2;2;2;2
2013040211;1;0;MARICOPA;4;2013;13;33.23566389;-111.75537778;Ditch;Daylight;Clear;1;Collector;Daytime;Weekend;2;1;2;2;2;2;2
2013040216;1;1;MARICOPA;4;2013;9;33.5253;-111.61508611;Pedalcyclist;Daylight;Clear;1;Collector;Daytime;Weekday;2;2;2;1;1;2;2
2013040217;2;0;MARICOPA;4;2013;9;33.45133611;-111.63421944;Motor Vehicle In-Transport;Daylight;Clear;1;Minor arterial;Daytime;Weekday;2;2;2;2;2;2;2
2013040219;1;0;GREENLEE;4;2013;4;32.94395833;-109.22800556;Ground;Dark - Not Lighted;Clear;2;Collector;Nighttime;Weekend;2;1;2;2;2;2;2
2013040223;1;0;YAVAPAI;4;2013;15;34.84473611;-111.85030278;Rollover/Overturn;Daylight;Clear;1;Collector;Daytime;Weekday;2;1;2;2;2;2;2
2013040224;1;0;COCONINO;4;2013;8;35.56382222;-111.90958056;Rollover/Overturn;Daylight;Clear;1;Collector;Daytime;Weekday;2;2;2;2;2;2;2
2013040226;2;0;MARICOPA;4;2013;20;33.51391667;-112.35795833;Motor Vehicle In-Transport;Dark - Not Lighted;Clear;1;Collector;Nighttime;Weekday;1;2;2;2;2;2;2
2013040227;1;0;MARICOPA;4;2013;8;33.57543056;-112.28979444;Curb;Daylight;Clear;1;Local;Daytime;Weekend;2;2;2;2;2;2;2
2013040231;1;0;PINAL;4;2013;6;33.32508611;-111.42826944;Guardrail Face;Dawn;Clear;1;Minor arterial;Daytime;Weekend;2;1;2;2;2;1;2
2013040232;2;0;MARICOPA;4;2013;12;33.70406389;-111.92528889;Motor Vehicle In-Transport;Daylight;Clear;1;Collector;Daytime;Weekend;2;2;2;2;2;2;2
2013040236;1;0;MARICOPA;4;2013;16;33.646325;-112.28026111;Parked Motor Vehicle;Daylight;Clear;1;Local;Daytime;Weekday;2;1;2;2;2;2;2
2013040237;1;0;MARICOPA;2;2013;12;33.58333333;-111.45;Boulder;Daylight;Clear;1;Local;Daytime;Weekend;2;1;2;2;2;2;2
2013040240;1;0;PINAL;4;2013;13;32.63491111;-111.15479444;Rollover/Overturn;Daylight;Severe Crosswinds;1;Local;Daytime;Weekend;2;2;2;2;2;2;2
2013040241;1;1;MARICOPA;4;2013;17;33.43651944;-111.85985278;Pedestrian;Daylight;Clear;1;Local;Daytime;Weekday;2;2;1;2;2;2;2
2013040242;2;0;MARICOPA;4;2013;17;33.79815833;-112.14203056;Motor Vehicle In-Transport;Daylight;Clear;2;Collector;Daytime;Weekday;2;2;2;2;2;1;2
2013040243;2;0;MARICOPA;4;2013;6;33.39371944;-111.74953333;Curb;Daylight;Clear;1;Minor arterial;Daytime;Weekday;2;2;2;2;2;2;2
2013040245;2;0;MARICOPA;4;2013;18;33.29101111;-112.09709722;Rollover/Overturn;Daylight;Clear;1;Local;Nighttime;Weekday;2;2;2;2;2;2;2
2013040246;3;1;MARICOPA;4;2013;20;33.52586944;-112.11688889;Pedestrian;Dark - Lighted;Clear;1;Minor arterial;Nighttime;Weekday;2;2;1;2;2;2;2
2013040249;1;1;COCONINO;4;2013;22;99.9999;999.9999;Pedestrian;Dark - Unknown Lighting;Unknown;1;Collector;Nighttime;Weekend;2;2;1;2;2;2;2
2013040253;2;0;MOHAVE;4;2013;11;99.9999;999.9999;Motor Vehicle In-Transport;Daylight;Clear;1;Minor arterial;Daytime;Weekend;2;2;2;2;2;2;2
2013040254;1;0;MARICOPA;4;2013;19;33.67207778;-112.35004167;Parked Motor Vehicle;Dark - Lighted;Clear;1;Local;Nighttime;Weekday;2;2;2;2;2;1;2
2013040255;2;0;PINAL;4;2013;15;32.89431389;-111.65356667;Motor Vehicle In-Transport;Daylight;Clear;1;Collector;Daytime;Weekday;2;2;2;2;2;2;2
2013040256;1;0;PINAL;4;2013;23;32.91544722;-112.14279167;Embankment;Dark - Not Lighted;Clear;1;Local;Nighttime;Weekday;2;1;2;2;2;2;2
2013040257;2;0;MARICOPA;4;2013;21;33.3246;-111.81126667;Motor Vehicle In-Transport;Dark - Lighted;Clear;1;Local;Nighttime;Weekend;2;1;2;2;2;2;2
2013040259;2;0;MARICOPA;4;2013;19;33.38224444;-112.06462778;Motor Vehicle In-Transport;Dark - Lighted;Clear;1;Minor arterial;Nighttime;Weekend;2;2;2;2;2;2;2
2013040262;2;0;MARICOPA;5;2013;13;33.58731667;-112.27268611;Motor Vehicle In-Transport;Daylight;Clear;1;Minor arterial;Daytime;Weekday;2;2;2;2;2;2;2