accident_id;vehicle;peds;county;month;year;hour;latitude;longitude;harm_ev;lgt_cond;weather;fatals;road_fc;tod;dow;large_truck;speeding;ped_f;pedal;pedal_f;distracted_driver;drowsy_driver
2013040267;1;0;APACHE;5;2013;9;34.05880278;-109.49805833;Rollover/Overturn;Daylight;Clear;1;Collector;Daytime;Weekend;2;1;2;2;2;2;2
2013040268;1;0;COCHISE;5;2013;14;31.45074444;-109.46477222;Rollover/Overturn;Daylight;Clear;1;Collector;Daytime;Weekend;2;1;2;2;2;2;2
2013040269;2;0;MOHAVE;5;2013;14;35.219275;-113.99381667;Motor Vehicle In-Transport;Daylight;Clear;1;Local;Daytime;Weekend;2;2;2;2;2;2;2
2013040278;2;0;SANTA CRUZ;5;2013;20;31.46333056;-110.97378333;Motor Vehicle In-Transport;Dark - Not Lighted;Clear;2;Local;Nighttime;Weekend;2;1;2;2;2;2;2
2013040280;2;0;MARICOPA;5;2013;11;33.39362222;-111.77120278;Motor Vehicle In-Transport;Daylight;Clear;1;Minor arterial;Daytime;Weekday;2;2;2;2;2;1;2
2013040281;1;0;GILA;5;2013;23;33.78181389;-110.50185;Embankment;Dark - Not Lighted;Clear;1;Minor arterial;Nighttime;Weekday;2;1;2;2;2;2;2
2013040282;2;0;MARICOPA;5;2013;9;33.60352222;-112.15126667;Motor Vehicle In-Transport;Daylight;Clear;2;Minor arterial;Daytime;Weekday;2;2;2;2;2;2;2
2013040284;1;0;PIMA;5;2013;17;32.16293056;-110.89223889;Utility Pole/Light Support;Daylight;Clear;1;Local;Daytime;Weekend;2;1;2;2;2;2;2
2013040285;1;0;GILA;5;2013;10;33.33436389;-111.02691667;Rollover/Overturn;Daylight;Clear;1;Minor arterial;Daytime;Weekend;2;2;2;2;2;1;2
2013040287;1;0;LA PAZ;5;2013;0;33.812175;-113.57244167;Other Fixed Object;Dark - Lighted;Clear;1;Local;Nighttime;Weekend;2;1;2;2;2;1;2
2013040289;1;2;PIMA;5;2013;21;32.37973056;-111.04691944;Non-Motorist on Personal Conveyance;Dark - Not Lighted;Clear;1;Minor arterial;Nighttime;Weekday;2;2;2;2;2;2;2
2013040290;2;0;MARICOPA;5;2013;7;33.60432778;-112.28977222;Motor Vehicle In-Transport;Daylight;Clear;1;Minor arterial;Daytime;Weekend;2;2;2;2;2;1;2
2013040293;2;0;COCHISE;5;2013;14;31.73265278;-109.10356667;Motor Vehicle In-Transport;Daylight;Clear;1;Collector;Daytime;Weekday;1;2;2;2;2;2;2
2013040294;1;0;COCONINO;5;2013;20;34.82013056;-110.96233056;Live Animal;Dark - Not Lighted;Clear;1;Collector;Nighttime;Weekday;2;2;2;2;2;2;2
2013040295;2;0;COCHISE;5;2013;4;31.39802222;-109.57926944;Motor Vehicle In-Transport;Dark - Not Lighted;Clear;4;Collector;Nighttime;Weekday;2;2;2;2;2;2;2
2013040296;1;0;GILA;5;2013;7;33.91745278;-110.19504167;Rollover/Overturn;Daylight;Clear;1;Collector;Daytime;Weekday;1;2;2;2;2;2;2
2013040297;1;1;PIMA;5;2013;20;32.14881667;-110.92413333;Pedestrian;Dark - Lighted;Clear;1;Minor arterial;Nighttime;Weekend;2;2;1;2;2;2;2
2013040301;2;0;MARICOPA;5;2013;10;33.42079722;-112.34921389;Motor Vehicle In-Transport;Daylight;Clear;1;Collector;Daytime;Weekday;2;2;2;2;2;2;2
2013040302;1;1;MARICOPA;5;2013;16;33.55305;-112.18622778;Pedestrian;Daylight;Clear;1;Minor arterial;Daytime;Weekend;2;2;1;2;2;2;2
2013040303;2;0;MARICOPA;5;2013;15;33.74119444;-111.92593333;Motor Vehicle In-Transport;Daylight;Clear;1;Collector;Daytime;Weekend;2;1;2;2;2;2;2
2013040305;1;0;MARICOPA;5;2013;22;33.62096111;-112.37537778;Fell/Jumped from Vehicle;Dark - Lighted;Not Reported;1;Local;Nighttime;Weekend;2;2;2;2;2;2;2
2013040308;2;0;LA PAZ;5;2013;12;33.71836389;-113.76757222;Curb;Daylight;Clear;2;Collector;Daytime;Weekday;1;2;2;2;2;2;2
2013040309;1;0;PINAL;5;2013;16;33.35148611;-111.45821389;Rollover/Overturn;Daylight;Clear;1;Minor arterial;Daytime;Weekend;2;1;2;2;2;2;2
2013040310;1;0;NAVAJO;6;2013;0;34.48534722;-110.24477778;Rollover/Overturn;Dark - Not Lighted;Clear;1;Collector;Nighttime;Weekend;2;1;2;2;2;2;2
2013040314;1;0;SANTA CRUZ;6;2013;11;31.469275;-111.02020278;Rollover/Overturn;Daylight;Clear;1;Local;Daytime;Weekday;2;1;2;2;2;2;2
2013040316;1;0;PIMA;6;2013;22;32.04231389;-111.44133889;Embankment;Dark - Not Lighted;Clear;2;Minor arterial;Nighttime;Weekday;2;1;2;2;2;2;2
2013040317;2;0;MARICOPA;6;2013;6;33.552825;-112.07389167;Motor Vehicle In-Transport;Daylight;Clear;1;Minor arterial;Daytime;Weekend;2;2;2;2;2;1;2
2013040318;1;0;COCONINO;6;2013;15;35.24693889;-111.534725;Rollover/Overturn;Daylight;Clear;1;Collector;Daytime;Weekend;2;1;2;2;2;2;2
2013040320;1;0;COCONINO;6;2013;8;35.17506944;-111.66606667;Curb;Daylight;Clear;1;Minor arterial;Daytime;Weekend;2;2;2;2;2;2;2
2013040321;1;0;COCHISE;6;2013;16;31.66069167;-110.03101389;Fence;Daylight;Clear;1;Minor arterial;Daytime;Weekday;2;2;2;2;2;2;2
2013040325;1;0;PIMA;6;2013;6;32.13424722;-110.73425;Rollover/Overturn;Daylight;Clear;1;Collector;Daytime;Weekend;2;1;2;2;2;2;2
2013040328;2;0;COCONINO;6;2013;13;36.57813333;-111.1148;Motor Vehicle In-Transport;Daylight;Clear;1;Collector;Daytime;Weekday;2;2;2;2;2;2;2
2013040331;1;0;YAVAPAI;6;2013;21;34.40877778;-112.61414167;Rollover/Overturn;Dark - Not Lighted;Clear;1;Collector;Nighttime;Weekday;2;1;2;2;2;1;2
2013040332;1;0;COCHISE;6;2013;0;31.62063611;-109.21309722;Fence;Dark - Not Lighted;Clear;1;Collector;Nighttime;Weekday;2;1;2;2;2;2;2
2013040336;2;0;PIMA;6;2013;2;32.27963611;-110.88572222;Motor Vehicle In-Transport;Dark - Not Lighted;Clear;2;Minor arterial;Nighttime;Weekend;2;1;2;2;2;2;2
2013040338;2;0;MARICOPA;5;2013;17;33.52335833;-112.22480833;Motor Vehicle In-Transport;Daylight;Clear;1;Minor arterial;Daytime;Weekday;2;2;2;2;2;2;2
2013040339;2;0;MARICOPA;5;2013;4;33.45118611;-112.17217778;Motor Vehicle In-Transport;Dark - Lighted;Clear;1;Minor arterial;Nighttime;Weekday;2;1;2;2;2;2;2
2013040340;1;0;NAVAJO;5;2013;20;34.18638889;-109.95123056;Rollover/Overturn;Dark - Not Lighted;Clear;1;Collector;Nighttime;Weekend;2;1;2;2;2;1;2
2013040343;2;0;YAVAPAI;5;2013;7;34.71567778;-111.89062222;Motor Vehicle In-Transport;Daylight;Clear;1;Collector;Daytime;Weekday;2;2;2;2;2;2;2
2013040344;2;0;MARICOPA;5;2013;15;33.72305833;-112.01049167;Motor Vehicle In-Transport;Daylight;Clear;1;Collector;Daytime;Weekday;1;1;2;2;2;1;2
2013040345;1;1;PIMA;5;2013;3;32.159275;-111.00704722;Pedalcyclist;Dark - Lighted;Clear;1;Minor arterial;Nighttime;Weekday;2;2;2;1;1;2;2
2013040346;1;0;NAVAJO;5;2013;7;99.9999;999.9999;Shrubbery;Daylight;Cloudy;1;Collector;Daytime;Weekend;2;1;2;2;2;1;2
2013040348;1;1;MARICOPA;5;2013;20;33.47774444;-112.01290278;Pedestrian;Dark - Lighted;Clear;1;Minor arterial;Nighttime;Weekday;2;2;1;2;2;2;2
2013040351;1;0;NAVAJO;5;2013;9;34.33185278;-110.15578611;Rollover/Overturn;Daylight;Clear;1;Local;Daytime;Weekend;2;1;2;2;2;2;2
2013040352;1;2;MARICOPA;5;2013;18;33.55314722;-112.05463889;Pedestrian;Dark - Lighted;Clear;1;Minor arterial;Nighttime;Weekend;2;2;1;2;2;2;2
2013040353;1;2;MARICOPA;5;2013;3;33.49530556;-112.11701111;Utility Pole/Light Support;Dark - Lighted;Clear;1;Minor arterial;Nighttime;Weekend;2;1;1;2;2;2;2
2013040355;1;1;MARICOPA;5;2013;6;33.59628889;-112.19030278;Pedestrian;Daylight;Clear;1;Minor arterial;Daytime;Weekday;2;2;1;2;2;2;2
2013040357;1;1;MARICOPA;5;2013;20;33.52394722;-112.13994722;Pedalcyclist;Dark - Lighted;Clear;1;Minor arterial;Nighttime;Weekend;2;2;2;1;1;2;2
2013040358;1;0;MARICOPA;5;2013;2;33.36022778;-111.64059722;Curb;Dark - Lighted;Clear;1;Local;Nighttime;Weekend;2;1;2;2;2;2;2
2013040362;1;0;MARICOPA;5;2013;14;33.40776389;-111.64594167;Curb;Daylight;Clear;1;Minor arterial;Daytime;Weekend;2;1;2;2;2;2;2
2013040364;1;0;PINAL;6;2013;13;32.79845278;-111.18092778;Rollover/Overturn;Daylight;Clear;1;Minor arterial;Daytime;Weekday;2;1;2;2;2;2;2
2013040367;1;0;MARICOPA;5;2013;19;33.57575833;-111.25276667;Fell/Jumped from Vehicle;Dark - Not Lighted;Clear;1;Local;Nighttime;Weekend;2;2;2;2;2;2;2
2013040369;1;1;MARICOPA;6;2013;21;33.47596667;-112.01290556;Pedestrian;Dark - Lighted;Clear;1;Minor arterial;Nighttime;Weekend;2;2;1;2;2;2;2
2013040374;1;0;NAVAJO;7;2013;21;34.19189722;-110.09105;Rollover/Overturn;Dark - Not Lighted;Clear;1;Minor arterial;Nighttime;Weekday;2;2;2;2;2;2;2
2013040375;1;0;COCONINO;7;2013;11;36.60451667;-111.17632222;Rollover/Overturn;Daylight;Other;1;Collector;Daytime;Weekday;2;1;2;2;2;2;2
2013040382;1;1;COCONINO;7;2013;16;35.28175;-111.51561667;Pedestrian;Daylight;Clear;1;Local;Daytime;Weekday;2;2;1;2;2;1;2
2013040384;1;1;MARICOPA;7;2013;21;33.53446667;-112.09112778;Pedestrian;Dark - Lighted;Clear;1;Collector;Nighttime;Weekday;2;2;1;2;2;2;2
2013040385;2;0;MARICOPA;7;2013;22;33.59542222;-112.24645278;Rollover/Overturn;Dark - Lighted;Clear;1;Minor arterial;Nighttime;Weekend;2;2;2;2;2;2;2
2013040387;1;1;PIMA;7;2013;16;32.15968611;-110.94341389;Pedestrian;Daylight;Cloudy;1;Minor arterial;Daytime;Weekday;2;2;1;2;2;1;2
2013040388;1;0;YAVAPAI;7;2013;17;34.678825;-112.19170833;Embankment;Daylight;Cloudy;1;Collector;Daytime;Weekday;2;1;2;2;2;1;2
2013040391;2;0;MOHAVE;7;2013;22;35.25369167;-113.97547778;Motor Vehicle In-Transport;Dark - Not Lighted;Cloudy;1;Minor arterial;Nighttime;Weekend;2;1;2;2;2;2;2
2013040397;1;0;YAVAPAI;6;2013;14;34.88861111;-111.92083333;Shrubbery;Daylight;Clear;1;Local;Daytime;Weekday;2;2;2;2;2;2;2
2013040399;1;0;MARICOPA;7;2013;7;33.83630556;-112.31604167;Rollover/Overturn;Daylight;Clear;1;Local;Daytime;Weekday;2;1;2;2;2;2;2
2013040400;1;0;PIMA;6;2013;3;32.18509722;-111.02015556;Embankment;Dark - Not Lighted;Clear;1;Local;Nighttime;Weekend;2;1;2;2;2;2;2
2013040401;2;0;MARICOPA;7;2013;22;33.39364722;-111.76971667;Motor Vehicle In-Transport;Dark - Lighted;Clear;1;Minor arterial;Nighttime;Weekday;2;2;2;2;2;1;2
2013040402;1;0;PIMA;7;2013;16;31.85631389;-111.39745833;Rollover/Overturn;Daylight;Cloudy;1;Collector;Daytime;Weekday;2;1;2;2;2;2;2
2013040404;2;0;YAVAPAI;4;2013;19;35.06284444;-112.39944444;Motor Vehicle In-Transport;Dark - Not Lighted;Clear;1;Collector;Nighttime;Weekend;2;1;2;2;2;2;2
2013040406;2;0;MARICOPA;6;2013;20;33.43736111;-111.70688611;Motor Vehicle In-Transport;Dark - Lighted;Clear;3;Minor arterial;Nighttime;Weekday;2;2;2;2;2;2;2
2013040407;1;0;APACHE;6;2013;2;34.06075;-109.46396111;Embankment;Dark - Not Lighted;Clear;2;Collector;Nighttime;Weekday;2;1;2;2;2;2;2
2013040410;1;0;COCONINO;6;2013;8;36.01744722;-111.10441389;Rollover/Overturn;Daylight;Unknown;1;Minor arterial;Daytime;Weekend;2;2;2;2;2;2;2
2013040411;1;1;MARICOPA;6;2013;2;33.55295833;-112.19493611;Pedestrian;Dark - Lighted;Clear;1;Minor arterial;Nighttime;Weekday;2;2;1;2;2;2;2
2013040412;1;1;APACHE;6;2013;0;99.9999;999.9999;Pedestrian;Dark - Unknown Lighting;Not Reported;1;Local;Nighttime;Weekend;2;2;1;2;2;2;2
2013040413;1;0;MARICOPA;6;2013;2;33.54220556;-112.11209722;Wall;Dark - Lighted;Clear;1;Local;Nighttime;Weekend;2;1;2;2;2;2;2
2013040414;1;0;NAVAJO;6;2013;2;99.9999;999.9999;Rollover/Overturn;Dark - Not Lighted;Clear;1;Collector;Nighttime;Weekend;2;2;2;2;2;2;1
2013040415;1;1;NAVAJO;6;2013;15;35.18764167;-110.44260278;Pedestrian;Daylight;Unknown;1;Collector;Daytime;Weekday;2;2;1;2;2;2;2
2013040416;2;0;MARICOPA;6;2013;23;33.32066944;-111.82411389;Motor Vehicle In-Transport;Dark - Lighted;Clear;1;Minor arterial;Nighttime;Weekday;2;2;2;2;2;2;2
2013040419;1;0;MARICOPA;6;2013;16;33.42780556;-111.63263889;Rollover/Overturn;Daylight;Clear;1;Minor arterial;Daytime;Weekday;2;2;2;2;2;2;2
2013040421;1;0;PIMA;6;2013;19;99.9999;999.9999;Rollover/Overturn;Unknown;Unknown;1;Local;Nighttime;Weekend;2;2;2;2;2;2;2
2013040422;1;0;PIMA;6;2013;20;32.23536667;-110.70043056;Utility Pole/Light Support;Dark - Not Lighted;Clear;1;Collector;Nighttime;Weekend;2;1;2;2;2;2;2
2013040423;1;1;COCONINO;6;2013;10;35.19138889;-111.63035278;Pedestrian;Daylight;Clear;1;Minor arterial;Daytime;Weekday;2;2;1;2;2;2;2
2013040427;1;1;PINAL;7;2013;10;33.01981389;-111.41748611;Pedalcyclist;Daylight;Clear;1;Collector;Daytime;Weekday;2;2;2;1;1;2;2
2013040428;2;0;MARICOPA;7;2013;14;33.55310833;-112.11191944;Motor Vehicle In-Transport;Daylight;Clear;1;Minor arterial;Daytime;Weekday;2;2;2;2;2;2;2
2013040430;2;0;MARICOPA;7;2013;11;33.40787778;-111.65925;Motor Vehicle In-Transport;Daylight;Clear;1;Minor arterial;Daytime;Weekday;2;2;2;2;2;2;2
2013040431;1;0;APACHE;7;2013;7;99.9999;999.9999;Embankment;Dawn;Clear;1;Local;Daytime;Weekday;2;1;2;2;2;2;2
2013040437;2;0;PIMA;7;2013;9;31.86642222;-110.68735;Motor Vehicle In-Transport;Daylight;Cloudy;1;Collector;Daytime;Weekend;2;1;2;2;2;2;2
2013040440;2;0;GILA;7;2013;15;33.28171389;-110.75398333;Motor Vehicle In-Transport;Daylight;Rain;1;Minor arterial;Daytime;Weekday;2;1;2;2;2;2;2
2013040441;1;0;PINAL;8;2013;1;32.95943333;-111.3983;Rollover/Overturn;Dark - Not Lighted;Clear;1;Local;Nighttime;Weekday;2;1;2;2;2;2;2
2013040443;1;0;GILA;8;2013;18;34.26712778;-110.91823889;Tree (Standing Only);Dusk;Clear;1;Local;Nighttime;Weekend;2;1;2;2;2;2;2
2013040445;1;1;MARICOPA;8;2013;20;33.46480833;-112.16435833;Pedestrian;Dark - Lighted;Clear;1;Local;Nighttime;Weekday;1;2;1;2;2;2;2
2013040446;1;1;MARICOPA;8;2013;22;33.59714444;-112.32465833;Pedalcyclist;Dark - Lighted;Clear;1;Collector;Nighttime;Weekday;2;1;2;1;1;2;2
2013040449;1;1;PIMA;8;2013;22;32.16333889;-110.9551;Pedestrian;Dark - Lighted;Clear;1;Minor arterial;Nighttime;Weekend;2;2;1;2;2;2;2
2013040450;1;1;MARICOPA;8;2013;22;33.47258056;-112.00421944;Pedestrian;Dark - Lighted;Clear;1;Collector;Nighttime;Weekday;2;2;1;2;2;2;2
2013040454;1;1;MARICOPA;8;2013;18;33.32655833;-111.67565278;Pedalcyclist;Dusk;Cloudy;1;Local;Nighttime;Weekday;2;2;2;1;1;2;2
2013040458;1;1;MARICOPA;8;2013;8;33.435675;-112.45652778;Pedalcyclist;Daylight;Clear;1;Collector;Daytime;Weekday;2;1;2;1;1;1;2
2013040459;1;0;YAVAPAI;8;2013;9;34.21844444;-112.30986111;Rollover/Overturn;Daylight;Clear;1;Local;Daytime;Weekday;2;2;2;2;2;1;2
2013040460;1;0;YAVAPAI;8;2013;20;34.58788889;-112.47608611;Rollover/Overturn;Dark - Lighted;Cloudy;1;Minor arterial;Nighttime;Weekend;2;1;2;2;2;2;2
2013040466;1;0;PIMA;7;2013;6;32.23214722;-110.92674444;Curb;Dawn;Clear;1;Minor arterial;Daytime;Weekday;2;2;2;2;2;2;2
2013040467;2;0;MARICOPA;7;2013;17;33.65323056;-112.34583056;Motor Vehicle In-Transport;Daylight;Cloudy;1;Collector;Daytime;Weekday;2;2;2;2;2;2;2
2013040468;2;0;MARICOPA;7;2013;17;33.53996667;-111.61054444;Motor Vehicle In-Transport;Daylight;Clear;1;Collector;Daytime;Weekend;1;1;2;2;2;2;2
2013040479;1;0;MARICOPA;7;2013;8;33.51302778;-112.28273056;Parked Motor Vehicle;Daylight;Clear;1;Local;Daytime;Weekend;2;1;2;2;2;2;2
2013040481;1;2;MARICOPA;7;2013;5;33.65878333;-112.08714167;Pedestrian;Daylight;Clear;1;Local;Nighttime;Weekday;2;2;1;2;2;1;2
2013040482;2;0;NAVAJO;7;2013;10;34.92123611;-110.14838056;Motor Vehicle In-Transport;Daylight;Cloudy;1;Local;Daytime;Weekday;2;2;2;2;2;2;2
2013040486;1;1;GRAHAM;7;2013;18;33.29271667;-110.44782222;Pedalcyclist;Daylight;Not Reported;1;Local;Nighttime;Weekday;2;2;2;1;1;2;2
2013040487;2;0;MARICOPA;7;2013;14;33.37769444;-112.11648056;Motor Vehicle In-Transport;Daylight;Clear;1;Minor arterial;Daytime;Weekday;2;1;2;2;2;2;2
2013040488;1;1;MARICOPA;7;2013;20;33.50559444;-112.04753889;Pedalcyclist;Dark - Lighted;Clear;1;Minor arterial;Nighttime;Weekday;2;2;2;1;1;1;2
2013040489;1;1;NAVAJO;7;2013;2;36.01697778;-110.08854722;Pedestrian;Dark - Not Lighted;Clear;1;Collector;Nighttime;Weekend;2;2;1;2;2;2;2
2013040492;1;0;NAVAJO;7;2013;18;99.9999;999.9999;Rollover/Overturn;Unknown;Unknown;1;Local;Nighttime;Weekday;2;2;2;2;2;2;2
2013040493;1;0;NAVAJO;7;2013;3;99.9999;999.9999;Rollover/Overturn;Dark - Unknown Lighting;Not Reported;1;Collector;Nighttime;Weekday;2;1;2;2;2;2;2
2013040495;1;0;MARICOPA;8;2013;20;33.41465833;-111.920325;Curb;Dark - Lighted;Cloudy;1;Minor arterial;Nighttime;Weekday;2;1;2;2;2;2;2
2013040500;2;0;MARICOPA;8;2013;8;33.79898611;-112.05235556;Motor Vehicle In-Transport;Daylight;Cloudy;1;Collector;Daytime;Weekday;2;2;2;2;2;2;2
2013040501;3;0;PIMA;8;2013;13;32.21972222;-110.99230833;Motor Vehicle In-Transport;Daylight;Clear;1;Minor arterial;Daytime;Weekend;2;2;2;2;2;2;2
2013040505;2;0;MARICOPA;9;2013;9;33.33071944;-111.63546667;Motor Vehicle In-Transport;Daylight;Clear;3;Collector;Daytime;Weekday;2;2;2;2;2;2;2
2013040507;2;0;PIMA;9;2013;16;32.17726944;-111.08323611;Motor Vehicle In-Transport;Daylight;Clear;1;Collector;Daytime;Weekend;2;2;2;2;2;2;2
2013040509;1;0;MARICOPA;9;2013;23;33.95031111;-112.86705833;Tree (Standing Only);Dark - Not Lighted;Cloudy;1;Collector;Nighttime;Weekend;2;1;2;2;2;2;2
2013040516;2;1;MOHAVE;9;2013;18;35.258225;-113.97165;Pedalcyclist;Dusk;Clear;1;Collector;Nighttime;Weekend;2;2;2;1;1;2;2
2013040519;1;0;MARICOPA;9;2013;22;33.50815833;-112.46963889;Traffic Sign Support;Dark - Not Lighted;Clear;1;Local;Nighttime;Weekend;2;1;2;2;2;2;2
2013040524;2;0;MARICOPA;9;2013;14;33.60975278;-112.42672778;Motor Vehicle In-Transport;Daylight;Clear;1;Local;Daytime;Weekend;2;2;2;2;2;2;2
2013040525;3;0;PIMA;9;2013;6;32.16320556;-110.93571944;Motor Vehicle In-Transport;Daylight;Clear;1;Minor arterial;Daytime;Weekday;2;2;2;2;2;2;2
2013040527;1;1;COCONINO;9;2013;20;35.19205833;-111.63995278;Pedestrian;Dark - Lighted;Clear;1;Minor arterial;Nighttime;Weekday;2;2;1;2;2;2;2
2013040533;1;0;PIMA;9;2013;3;32.17709444;-111.01744167;Guardrail End;Dark - Not Lighted;Clear;1;Minor arterial;Nighttime;Weekend;2;1;2;2;2;2;2
2013040535;1;0;MARICOPA;9;2013;1;33.42536944;-112.30115278;Curb;Dark - Lighted;Clear;1;Local;Nighttime;Weekday;2;2;2;2;2;2;2
2013040537;1;1;APACHE;7;2013;23;35.78288333;-109.71780278;Pedestrian;Dark - Unknown Lighting;Not Reported;1;Minor arterial;Nighttime;Weekend;2;2;1;2;2;2;2
2013040539;1;0;GILA;9;2013;20;33.21739722;-110.79498056;Ditch;Dark - Not Lighted;Clear;1;Minor arterial;Nighttime;Weekend;2;1;2;2;2;2;2
2013040544;3;0;MOHAVE;8;2013;13;35.416375;-113.81703333;Motor Vehicle In-Transport;Daylight;Clear;1;Collector;Daytime;Weekend;2;2;2;2;2;2;2
2013040548;3;0;MARICOPA;9;2013;10;33.45089722;-111.96975;Motor Vehicle In-Transport;Daylight;Cloudy;1;Minor arterial;Daytime;Weekend;2;2;2;2;2;2;2
2013040552;2;0;APACHE;8;2013;10;35.71049167;-109.51675;Motor Vehicle In-Transport;Daylight;Clear;1;Minor arterial;Daytime;Weekend;2;2;2;2;2;2;2
2013040553;1;0;MARICOPA;8;2013;11;33.30390556;-111.90784167;Curb;Daylight;Clear;1;Local;Daytime;Weekend;2;1;2;2;2;2;2
2013040555;2;0;MARICOPA;8;2013;7;33.39195;-112.17961389;Motor Vehicle In-Transport;Daylight;Clear;4;Collector;Daytime;Weekday;2;1;2;2;2;2;2
2013040558;1;0;PINAL;8;2013;23;33.18948889;-111.60128056;Rollover/Overturn;Dark - Lighted;Cloudy;1;Local;Nighttime;Weekend;2;1;2;2;2;2;2
2013040559;2;0;MARICOPA;8;2013;19;33.516575;-112.20312222;Motor Vehicle In-Transport;Daylight;Clear;1;Local;Nighttime;Weekend;2;2;2;2;2;2;2
2013040560;1;0;COCONINO;8;2013;19;99.9999;999.9999;Rollover/Overturn;Unknown;Unknown;1;Local;Nighttime;Weekday;2;2;2;2;2;2;2
2013040563;2;0;MARICOPA;8;2013;17;33.80715278;-111.95879722;Motor Vehicle In-Transport;Daylight;Clear;1;Collector;Daytime;Weekday;2;2;2;2;2;2;2
2013040564;1;1;MARICOPA;8;2013;20;33.46588056;-112.19850278;Pedestrian;Dark - Lighted;Clear;1;Minor arterial;Nighttime;Weekend;2;2;1;2;2;2;2
2013040565;1;0;MARICOPA;8;2013;3;33.77938333;-111.97598333;Curb;Dark - Lighted;Clear;1;Collector;Nighttime;Weekend;2;1;2;2;2;2;2
2013040582;1;1;PINAL;9;2013;5;33.42235;-111.57549444;Pedalcyclist;Dark - Not Lighted;Clear;1;Minor arterial;Nighttime;Weekday;2;2;2;1;1;2;2
2013040583;1;0;PIMA;9;2013;12;32.24233056;-112.72580833;Rollover/Overturn;Daylight;Cloudy;1;Minor arterial;Daytime;Weekday;2;1;2;2;2;2;2
2013040584;2;0;PINAL;9;2013;6;32.85038056;-111.60214167;Rollover/Overturn;Daylight;Clear;1;Collector;Daytime;Weekday;2;2;2;2;2;1;2
2013040588;1;0;YAVAPAI;10;2013;18;34.83581111;-111.88962222;Shrubbery;Daylight;Clear;1;Minor arterial;Nighttime;Weekend;2;2;2;2;2;2;2
2013040591;1;0;PIMA;10;2013;15;31.71143056;-111.16932778;Rollover/Overturn;Daylight;Clear;1;Collector;Daytime;Weekday;2;1;2;2;2;2;2
2013040592;1;1;MARICOPA;10;2013;17;33.65459167;-112.14316667;Pedalcyclist;Daylight;Clear;1;Minor arterial;Daytime;Weekday;1;2;2;1;1;1;2
2013040593;2;0;MARICOPA;10;2013;20;33.37911111;-111.63628889;Motor Vehicle In-Transport;Dark - Lighted;Clear;1;Minor arterial;Nighttime;Weekday;2;2;2;2;2;2;2
2013040598;2;0;PIMA;10;2013;15;32.47496111;-111.25133056;Motor Vehicle In-Transport;Daylight;Clear;1;Local;Daytime;Weekend;1;2;2;2;2;1;2
2013040606;1;0;COCHISE;10;2013;18;31.576775;-109.74937222;Live Animal;Dark - Not Lighted;Clear;1;Local;Nighttime;Weekend;2;2;2;2;2;2;2
2013040608;1;0;GILA;9;2013;18;34.25010556;-111.32454167;Culvert;Daylight;Cloudy;1;Collector;Nighttime;Weekend;2;1;2;2;2;2;2
2013040616;1;1;MARICOPA;9;2013;17;33.48029444;-112.07390278;Pedestrian;Daylight;Clear;1;Collector;Daytime;Weekday;2;2;1;2;2;2;2
2013040619;1;0;PINAL;9;2013;18;99.9999;999.9999;Rollover/Overturn;Unknown;Unknown;1;Local;Nighttime;Weekend;2;2;2;2;2;2;2
2013040620;1;0;PINAL;9;2013;17;33.14896111;-111.58988889;Rollover/Overturn;Daylight;Clear;1;Local;Daytime;Weekend;2;1;2;2;2;2;2
2013040622;1;0;PINAL;9;2013;9;33.29971111;-111.56346667;Rollover/Overturn;Daylight;Clear;1;Collector;Daytime;Weekday;2;1;2;2;2;2;2
2013040624;1;1;YAVAPAI;11;2013;2;34.73249444;-111.97693889;Pedestrian;Dark - Not Lighted;Clear;1;Collector;Nighttime;Weekday;2;2;1;2;2;2;2
2013040625;1;1;MARICOPA;11;2013;18;33.432525;-111.83130278;Pedestrian;Dark - Lighted;Clear;1;Collector;Nighttime;Weekend;2;2;1;2;2;2;2
2013040626;1;0;COCHISE;11;2013;19;31.69370833;-110.24995;Traffic Sign Support;Dark - Not Lighted;Clear;1;Local;Nighttime;Weekend;2;1;2;2;2;2;2