accident_id;vehicle;peds;county;month;year;hour;latitude;longitude;harm_ev;lgt_cond;weather;fatals;road_fc;tod;dow;large_truck;speeding;ped_f;pedal;pedal_f;distracted_driver;drowsy_driver
2013040627;1;0;PIMA;11;2013;15;99.9999;999.9999;Rollover/Overturn;Daylight;Clear;1;Collector;Daytime;Weekend;2;1;2;2;2;1;2
2013040628;2;0;YAVAPAI;11;2013;18;34.58176389;-111.88586667;Motor Vehicle In-Transport;Dark - Not Lighted;Clear;2;Minor arterial;Nighttime;Weekend;1;2;2;2;2;2;2
2013040632;1;0;PINAL;11;2013;16;33.37346111;-111.56285;Other Fixed Object;Dusk;Clear;1;Collector;Daytime;Weekday;2;1;2;2;2;2;2
2013040635;1;0;MARICOPA;11;2013;15;33.33528056;-111.81190278;Curb;Daylight;Clear;1;Minor arterial;Daytime;Weekday;2;1;2;2;2;2;2
2013040639;2;1;MARICOPA;11;2013;17;33.46570278;-112.06716944;Pedestrian;Dark - Lighted;Rain;1;Minor arterial;Daytime;Weekday;2;2;1;2;2;2;2
2013040640;1;1;PIMA;11;2013;20;32.27203611;-110.985775;Pedestrian;Dark - Lighted;Clear;1;Minor arterial;Nighttime;Weekday;2;2;1;2;2;1;2
2013040643;1;1;PIMA;11;2013;22;32.12294444;-111.06301389;Pedestrian;Dark - Lighted;Clear;1;Collector;Nighttime;Weekend;2;2;1;2;2;2;2
2013040645;2;0;YAVAPAI;10;2013;20;34.58455833;-112.5581;Motor Vehicle In-Transport;Dark - Not Lighted;Clear;2;Collector;Nighttime;Weekday;2;1;2;2;2;2;2
2013040650;2;0;NAVAJO;9;2013;13;34.10476111;-109.91075278;Motor Vehicle In-Transport;Daylight;Cloudy;1;Minor arterial;Daytime;Weekday;2;2;2;2;2;2;2
2013040654;2;0;LA PAZ;10;2013;5;33.78628889;-113.6065;Motor Vehicle In-Transport;Dawn;Clear;1;Collector;Nighttime;Weekend;1;2;2;2;2;2;2
2013040659;2;0;YAVAPAI;10;2013;7;34.69547778;-112.50197222;Motor Vehicle In-Transport;Daylight;Clear;3;Local;Daytime;Weekday;2;2;2;2;2;2;2
2013040669;1;1;MARICOPA;10;2013;17;33.46595;-112.12807222;Pedalcyclist;Dusk;Clear;1;Minor arterial;Daytime;Weekday;2;2;2;1;1;2;2
2013040672;2;0;MARICOPA;10;2013;19;33.61921944;-112.124825;Motor Vehicle In-Transport;Dark - Lighted;Clear;1;Local;Nighttime;Weekend;2;1;2;2;2;2;2
2013040675;1;1;GILA;10;2013;23;33.35671111;-110.67511944;Pedestrian;Dark - Unknown Lighting;Not Reported;1;Minor arterial;Nighttime;Weekday;2;2;1;2;2;2;2
2013040676;1;0;COCHISE;10;2013;20;31.54181944;-110.28288611;Rollover/Overturn;Dark - Not Lighted;Clear;1;Collector;Nighttime;Weekend;2;1;2;2;2;2;2
2013040681;4;0;PINAL;10;2013;20;32.90619444;-111.72253333;Motor Vehicle In-Transport;Dark - Lighted;Clear;1;Local;Nighttime;Weekend;2;2;2;2;2;1;2
2013040682;1;0;MARICOPA;10;2013;15;33.37503611;-111.78979722;Curb;Daylight;Clear;1;Minor arterial;Daytime;Weekend;2;1;2;2;2;2;2
2013040686;2;0;NAVAJO;10;2013;8;35.90285278;-110.66575833;Motor Vehicle In-Transport;Daylight;Unknown;1;Minor arterial;Daytime;Weekend;2;2;2;2;2;2;2
2013040687;1;0;APACHE;10;2013;22;99.9999;999.9999;Unknown;Dark - Unknown Lighting;Unknown;1;Local;Nighttime;Weekend;2;2;2;2;2;2;2
2013040692;1;0;PINAL;10;2013;17;32.80010833;-111.80191111;Rollover/Overturn;Dark - Not Lighted;Clear;1;Local;Daytime;Weekday;2;1;2;2;2;2;2
2013040693;2;0;MARICOPA;10;2013;18;33.34889722;-111.97844167;Motor Vehicle In-Transport;Dark - Lighted;Clear;1;Minor arterial;Nighttime;Weekday;2;1;2;2;2;2;2
2013040697;1;1;MARICOPA;11;2013;16;33.779175;-111.99551389;Pedestrian;Daylight;Clear;1;Local;Daytime;Weekday;1;2;1;2;2;2;2
2013040698;1;0;MARICOPA;11;2013;2;33.49308611;-111.92996944;Fell/Jumped from Vehicle;Dark - Lighted;Clear;1;Local;Nighttime;Weekend;2;2;2;2;2;2;2
2013040699;3;0;PINAL;11;2013;16;32.88685833;-111.73998889;Motor Vehicle In-Transport;Daylight;Cloudy;1;Local;Daytime;Weekday;2;2;2;2;2;2;2
2013040700;2;0;MARICOPA;12;2013;16;33.55126667;-112.35890278;Motor Vehicle In-Transport;Daylight;Clear;1;Collector;Daytime;Weekday;2;2;2;2;2;2;2
2013040701;1;2;MARICOPA;12;2013;8;33.37045833;-111.74369167;Pedestrian;Daylight;Clear;1;Local;Daytime;Weekday;2;2;1;2;2;2;2
2013040703;1;1;MARICOPA;12;2013;17;33.5959;-112.21709167;Pedestrian;Dusk;Clear;1;Minor arterial;Daytime;Weekday;2;2;1;2;2;2;2
2013040705;1;1;MARICOPA;12;2013;19;33.52748889;-112.11690278;Pedestrian;Dark - Lighted;Cloudy;1;Minor arterial;Nighttime;Weekend;2;2;1;2;2;2;2
2013040706;1;0;PIMA;12;2013;21;32.14152222;-110.73413889;Embankment;Dark - Not Lighted;Clear;1;Collector;Nighttime;Weekend;2;1;2;2;2;2;2
2013040707;2;0;MARICOPA;12;2013;7;33.44991944;-112.28979444;Motor Vehicle In-Transport;Dark - Lighted;Cloudy;1;Collector;Daytime;Weekday;2;2;2;2;2;2;2
2013040711;1;1;PIMA;12;2013;23;32.23498333;-111.02139167;Pedestrian;Dark - Not Lighted;Clear;1;Minor arterial;Nighttime;Weekday;2;2;1;2;2;2;2
2013040716;2;0;PINAL;12;2013;18;33.04620278;-111.47333056;Motor Vehicle In-Transport;Dark - Not Lighted;Clear;1;Collector;Nighttime;Weekday;2;2;2;2;2;2;2
2013040718;1;1;MARICOPA;12;2013;18;33.44577778;-112.35829722;Pedestrian;Dark - Not Lighted;Clear;1;Collector;Nighttime;Weekend;1;2;1;2;2;2;2
2013040723;1;0;GILA;12;2013;19;33.81352222;-110.46355833;Guardrail Face;Dark - Not Lighted;Clear;1;Minor arterial;Nighttime;Weekday;2;1;2;2;2;2;2
2013040724;1;0;MARICOPA;12;2013;23;33.76839167;-112.33975833;Curb;Dark - Lighted;Clear;1;Local;Nighttime;Weekend;2;1;2;2;2;2;2
2013040726;2;0;PINAL;9;2013;8;32.84648889;-110.71168056;Motor Vehicle In-Transport;Daylight;Clear;2;Minor arterial;Daytime;Weekend;2;2;2;2;2;2;2
2013040727;1;1;MARICOPA;11;2013;22;33.29187222;-111.80689722;Pedalcyclist;Dark - Lighted;Clear;1;Collector;Nighttime;Weekend;2;2;2;1;1;2;2
2013040733;2;0;PINAL;8;2013;6;33.38301111;-111.49491389;Motor Vehicle In-Transport;Dawn;Clear;1;Minor arterial;Daytime;Weekday;1;2;2;2;2;2;2
2013040741;3;0;COCONINO;11;2013;14;36.72312222;-111.76771667;Motor Vehicle In-Transport;Daylight;Clear;3;Collector;Daytime;Weekday;2;2;2;2;2;2;2
2013040744;2;0;GREENLEE;11;2013;18;33.02075278;-109.29090556;Motor Vehicle In-Transport;Dark - Not Lighted;Clear;2;Collector;Nighttime;Weekend;1;2;2;2;2;2;2
2013040746;1;1;MARICOPA;11;2013;7;33.67108056;-112.38866389;Pedalcyclist;Daylight;Clear;1;Collector;Daytime;Weekday;2;2;2;1;1;1;2
2013040747;1;1;MARICOPA;11;2013;7;99.9999;999.9999;Pedestrian;Daylight;Clear;1;Collector;Daytime;Weekday;2;2;1;2;2;1;2
2013040753;1;0;PINAL;11;2013;12;99.9999;999.9999;Rollover/Overturn;Daylight;Unknown;1;Collector;Daytime;Weekday;2;2;2;2;2;2;2
2013040754;2;1;MARICOPA;11;2013;18;33.52395833;-112.16327222;Pedestrian;Dark - Lighted;Clear;1;Minor arterial;Nighttime;Weekday;2;2;1;2;2;2;2
2013040755;1;0;MARICOPA;11;2013;16;33.55958056;-111.53939444;Rollover/Overturn;Daylight;Cloudy;1;Collector;Daytime;Weekday;2;1;2;2;2;2;2
2013040756;3;0;MARICOPA;11;2013;18;33.43152778;-112.23840833;Motor Vehicle In-Transport;Dark - Lighted;Rain;2;Collector;Nighttime;Weekend;2;2;2;2;2;2;2
2013040764;2;0;MARICOPA;12;2013;19;33.66070278;-112.55507778;Motor Vehicle In-Transport;Dark - Not Lighted;Clear;1;Collector;Nighttime;Weekday;2;2;2;2;2;2;2
2013040769;1;0;MARICOPA;11;2013;1;33.44428889;-112.20360556;Curb;Dark - Lighted;Clear;1;Minor arterial;Nighttime;Weekday;2;2;2;2;2;2;2
2013040770;1;1;MARICOPA;12;2013;18;33.37775;-112.10007778;Pedestrian;Dark - Lighted;Clear;1;Minor arterial;Nighttime;Weekend;2;2;1;2;2;2;2
2013040771;3;1;NAVAJO;12;2013;18;34.15125278;-109.97331389;Pedestrian;Dark - Not Lighted;Rain;1;Minor arterial;Nighttime;Weekday;2;2;1;2;2;2;2
2013040772;1;1;PINAL;12;2013;7;32.87965556;-111.58928333;Pedestrian;Dawn;Clear;1;Minor arterial;Daytime;Weekday;2;2;1;2;2;2;2
2013040780;1;0;PINAL;12;2013;17;33.33666667;-111.56351667;Rollover/Overturn;Dusk;Clear;1;Collector;Daytime;Weekday;2;2;2;2;2;2;2
2013040783;1;0;MARICOPA;12;2013;0;99.9999;999.9999;Unknown;Dark - Unknown Lighting;Unknown;1;Local;Nighttime;Weekend;2;2;2;2;2;2;2
2013040786;2;0;MARICOPA;12;2013;21;33.48436667;-112.15163889;Motor Vehicle In-Transport;Dark - Lighted;Clear;1;Minor arterial;Nighttime;Weekend;2;1;2;2;2;2;2
2013040787;2;0;NAVAJO;12;2013;13;35.81061944;-110.41239444;Motor Vehicle In-Transport;Daylight;Unknown;1;Minor arterial;Daytime;Weekend;2;2;2;2;2;2;2
2013040789;1;0;MARICOPA;12;2013;0;33.46575;-112.02177222;Utility Pole/Light Support;Dark - Lighted;Cloudy;1;Minor arterial;Nighttime;Weekend;2;1;2;2;2;2;2
2013040791;1;0;MARICOPA;12;2013;16;33.55106111;-112.34428056;Rollover/Overturn;Daylight;Clear;1;Collector;Daytime;Weekday;2;1;2;2;2;2;2
2013040792;1;0;MARICOPA;12;2013;4;99.9999;999.9999;Other Fixed Object;Unknown;Unknown;1;Local;Nighttime;Weekday;2;1;2;2;2;2;2
2013040803;1;0;APACHE;10;2013;7;36.31083333;-109.21282222;Embankment;Dawn;Cloudy;2;Collector;Daytime;Weekday;2;1;2;2;2;2;1
2013040805;1;1;APACHE;2;2013;22;99.9999;999.9999;Pedestrian;Dark - Unknown Lighting;Unknown;1;Local;Nighttime;Weekend;2;2;1;2;2;2;2
2013040809;1;0;APACHE;10;2013;23;99.9999;999.9999;Rollover/Overturn;Dark - Unknown Lighting;Unknown;1;Unknown;Nighttime;Weekday;2;2;2;2;2;2;2
2013040810;1;0;COCONINO;10;2013;21;35.60571111;-112.09278056;Fire/Explosion;Dark - Unknown Lighting;Not Reported;1;Local;Nighttime;Weekend;2;2;2;2;2;2;2
2013040811;1;0;APACHE;6;2013;15;36.40768889;-109.25775556;Rollover/Overturn;Daylight;Clear;1;Local;Daytime;Weekday;2;1;2;2;2;2;2
2013040812;1;0;APACHE;10;2013;23;99.9999;999.9999;Curb;Dark - Not Lighted;Clear;1;Local;Nighttime;Weekend;2;1;2;2;2;2;2
2014040001;2;0;PIMA;1;2014;19;32.25792222;-110.79906667;Motor Vehicle In-Transport;Dark - Lighted;Clear;1;Minor arterial;Nighttime;Weekend;2;2;2;2;2;2;2
2014040003;1;1;MARICOPA;1;2014;18;33.46592778;-112.12005556;Pedalcyclist;Dark - Lighted;Clear;1;Minor arterial;Nighttime;Weekday;2;2;2;1;1;2;2
2014040005;1;0;COCONINO;1;2014;17;36.91128333;-111.44786111;Unknown;Daylight;Clear;1;Local;Daytime;Weekend;2;2;2;2;2;2;2
2014040006;2;0;PIMA;1;2014;19;32.35922778;-111.083475;Motor Vehicle In-Transport;Dark - Not Lighted;Clear;1;Minor arterial;Nighttime;Weekend;2;2;2;2;2;2;2
2014040012;1;0;COCONINO;1;2014;10;34.91563611;-110.82848056;Object That Had Fallen From Motor Vehicle In-Transport;Daylight;Clear;1;Collector;Daytime;Weekday;2;2;2;2;2;2;2
2014040013;1;0;COCONINO;1;2014;13;35.24634167;-111.53564444;Utility Pole/Light Support;Daylight;Clear;1;Minor arterial;Daytime;Weekday;2;1;2;2;2;2;2
2014040015;1;0;YAVAPAI;1;2014;17;34.57714444;-111.85471111;Fence;Daylight;Clear;1;Collector;Daytime;Weekday;2;1;2;2;2;1;2
2014040019;1;1;MARICOPA;1;2014;21;33.45133333;-112.03014722;Pedestrian;Dark - Lighted;Clear;1;Minor arterial;Nighttime;Weekday;2;2;1;2;2;2;2
2014040020;1;0;PINAL;1;2014;13;33.199475;-111.58216111;Curb;Daylight;Clear;1;Local;Daytime;Weekend;2;1;2;2;2;2;2
2014040021;1;1;MARICOPA;1;2014;2;33.79198056;-112.11759722;Curb;Dark - Lighted;Clear;1;Local;Nighttime;Weekend;2;1;1;2;2;1;2
2014040026;1;0;NAVAJO;2;2014;19;33.90394167;-109.94423889;Shrubbery;Dark - Not Lighted;Clear;2;Minor arterial;Nighttime;Weekend;2;1;2;2;2;2;2
2014040029;1;1;PIMA;2;2014;1;32.19303333;-110.78497222;Pedestrian;Dark - Not Lighted;Clear;1;Local;Nighttime;Weekend;2;2;1;2;2;2;2
2014040033;1;1;GILA;2;2014;17;33.79785;-110.97138889;Non-Motorist on Personal Conveyance;Daylight;Clear;1;Collector;Daytime;Weekend;2;2;2;2;2;2;2
2014040034;2;0;MARICOPA;2;2014;15;33.310575;-111.71256667;Motor Vehicle In-Transport;Daylight;Clear;1;Local;Daytime;Weekday;2;1;2;2;2;1;2
2014040035;2;0;PIMA;2;2014;11;32.17728333;-111.09908333;Motor Vehicle In-Transport;Daylight;Clear;1;Collector;Daytime;Weekday;2;2;2;2;2;2;2
2014040037;1;0;MARICOPA;2;2014;14;33.92135278;-112.79163333;Tree (Standing Only);Daylight;Cloudy;1;Collector;Daytime;Weekend;2;1;2;2;2;1;2
2014040039;1;0;COCHISE;2;2014;20;31.55958333;-110.2986;Rollover/Overturn;Dark - Not Lighted;Clear;2;Local;Nighttime;Weekday;2;1;2;2;2;2;2
2014040040;2;0;GRAHAM;2;2014;12;32.81661667;-109.66111389;Motor Vehicle In-Transport;Daylight;Clear;1;Minor arterial;Daytime;Weekday;2;1;2;2;2;2;2
2014040044;2;0;PIMA;2;2014;8;32.18289444;-110.73814444;Motor Vehicle In-Transport;Daylight;Clear;1;Collector;Daytime;Weekday;2;2;2;2;2;2;2
2014040045;1;0;COCONINO;2;2014;16;35.56359444;-111.88533611;Rollover/Overturn;Daylight;Cloudy;1;Collector;Daytime;Weekday;2;1;2;2;2;1;2
2014040046;2;0;APACHE;1;2014;6;99.9999;999.9999;Motor Vehicle In-Transport;Dawn;Clear;1;Collector;Daytime;Weekday;2;2;2;2;2;2;2
2014040048;2;0;PIMA;2;2014;18;32.12808056;-111.18819444;Motor Vehicle In-Transport;Dark - Not Lighted;Clear;1;Minor arterial;Nighttime;Weekday;1;2;2;2;2;2;2
2014040054;1;0;MARICOPA;1;2014;23;33.45965556;-112.01279444;Curb;Dark - Lighted;Clear;1;Minor arterial;Nighttime;Weekend;2;1;2;2;2;2;2
2014040056;1;0;MARICOPA;1;2014;22;33.88631667;-112.06194444;Rollover/Overturn;Dark - Not Lighted;Clear;1;Local;Nighttime;Weekday;2;1;2;2;2;2;2
2014040058;1;1;MARICOPA;1;2014;7;33.52394167;-112.1541;Pedestrian;Dawn;Clear;1;Minor arterial;Daytime;Weekday;2;2;1;2;2;2;2
2014040059;1;0;MARICOPA;1;2014;6;33.78383333;-112.11065;Curb;Dark - Lighted;Cloudy;1;Local;Daytime;Weekday;2;2;2;2;2;2;2
2014040061;2;0;MARICOPA;1;2014;21;33.59632222;-112.15136111;Motor Vehicle In-Transport;Dark - Lighted;Clear;1;Minor arterial;Nighttime;Weekend;2;2;2;2;2;2;2
2014040062;2;0;MARICOPA;1;2014;18;33.50781111;-112.29852778;Motor Vehicle In-Transport;Dusk;Clear;1;Minor arterial;Nighttime;Weekday;2;2;2;2;2;2;2
2014040063;1;1;MARICOPA;1;2014;18;33.53144444;-112.10825556;Pedestrian;Dark - Lighted;Clear;1;Collector;Nighttime;Weekday;2;2;1;2;2;2;2
2014040067;1;1;PIMA;2;2014;19;32.11546389;-111.05717778;Pedestrian;Dark - Not Lighted;Clear;1;Collector;Nighttime;Weekday;2;2;1;2;2;2;2
2014040070;2;0;MARICOPA;3;2014;22;33.58000556;-112.29868889;Motor Vehicle In-Transport;Dark - Lighted;Rain;1;Collector;Nighttime;Weekend;2;2;2;2;2;2;2
2014040077;1;0;PINAL;3;2014;22;33.45368889;-111.49302778;Rollover/Overturn;Dark - Not Lighted;Clear;1;Collector;Nighttime;Weekday;2;1;2;2;2;2;2
2014040082;2;0;PINAL;3;2014;18;33.05816389;-112.022075;Motor Vehicle In-Transport;Daylight;Clear;1;Local;Nighttime;Weekend;2;2;2;2;2;2;2
2014040083;1;1;MARICOPA;3;2014;17;33.55309444;-112.10392222;Pedestrian;Daylight;Clear;1;Minor arterial;Daytime;Weekend;2;2;1;2;2;2;2
2014040084;1;0;PIMA;3;2014;9;32.16275278;-110.95612778;Curb;Daylight;Clear;1;Minor arterial;Daytime;Weekend;2;1;2;2;2;2;2
2014040086;1;0;YAVAPAI;3;2014;15;34.49915278;-111.63641944;Rollover/Overturn;Daylight;Clear;2;Collector;Daytime;Weekend;2;2;2;2;2;1;2
2014040088;1;0;YAVAPAI;2;2014;17;34.34801389;-111.68911667;Rollover/Overturn;Dusk;Clear;1;Local;Daytime;Weekend;2;2;2;2;2;2;2
2014040089;1;0;YAVAPAI;2;2014;14;34.32480278;-112.92493611;Ditch;Daylight;Clear;1;Collector;Daytime;Weekday;2;2;2;2;2;2;2
2014040090;1;0;YAVAPAI;3;2014;22;34.29638333;-112.10205;Boulder;Dark - Not Lighted;Clear;1;Local;Nighttime;Weekend;2;1;2;2;2;2;2
2014040093;2;0;COCONINO;2;2014;13;35.24988333;-111.53115;Motor Vehicle In-Transport;Daylight;Cloudy;1;Minor arterial;Daytime;Weekday;2;2;2;2;2;2;2
2014040096;1;0;GILA;2;2014;7;34.37953333;-111.34480556;Embankment;Dark - Not Lighted;Clear;1;Local;Daytime;Weekday;2;2;2;2;2;2;2
2014040105;1;0;COCONINO;1;2014;13;99.9999;999.9999;Unknown;Daylight;Unknown;1;Collector;Daytime;Weekday;2;2;2;2;2;2;2
2014040106;1;1;APACHE;1;2014;18;99.9999;999.9999;Pedestrian;Dark - Not Lighted;Clear;1;Collector;Nighttime;Weekday;2;2;1;2;2;2;2
2014040107;1;0;LA PAZ;2;2014;15;33.66698611;-113.66811944;Tree (Standing Only);Daylight;Clear;1;Local;Daytime;Weekday;2;2;2;2;2;2;2
2014040108;1;1;MARICOPA;2;2014;5;33.36646667;-112.07555833;Pedestrian;Dark - Not Lighted;Cloudy;1;Local;Nighttime;Weekday;2;2;1;2;2;2;2
2014040109;1;0;APACHE;2;2014;21;36.22507778;-109.60199444;Rollover/Overturn;Dark - Unknown Lighting;Unknown;1;Collector;Nighttime;Weekday;2;2;2;2;2;2;2
2014040111;1;1;MARICOPA;2;2014;20;33.42284167;-112.20604167;Pedestrian;Dark - Not Lighted;Clear;1;Minor arterial;Nighttime;Weekend;2;2;1;2;2;2;2
2014040112;1;1;MARICOPA;2;2014;17;33.57129167;-112.05675278;Pedestrian;Daylight;Clear;1;Collector;Daytime;Weekend;2;2;1;2;2;2;2
2014040115;1;1;MARICOPA;2;2014;13;33.40764722;-112.04490278;Non-Motorist on Personal Conveyance;Daylight;Clear;1;Local;Daytime;Weekend;2;2;2;2;2;2;2
2014040116;2;0;MARICOPA;2;2014;14;33.55110278;-112.11696667;Motor Vehicle In-Transport;Daylight;Clear;1;Minor arterial;Daytime;Weekend;2;2;2;2;2;2;2
2014040117;1;1;MARICOPA;2;2014;18;33.52388889;-112.04748611;Pedestrian;Dark - Lighted;Clear;1;Minor arterial;Nighttime;Weekday;2;2;1;2;2;2;2
2014040119;1;0;MARICOPA;2;2014;23;33.37748333;-112.77175;Rollover/Overturn;Dark - Not Lighted;Clear;1;Collector;Nighttime;Weekend;2;1;2;2;2;2;2
2014040121;3;0;MARICOPA;2;2014;19;33.48815;-112.23776389;Motor Vehicle In-Transport;Dark - Lighted;Clear;1;Minor arterial;Nighttime;Weekend;2;2;2;2;2;2;2
2014040123;3;0;PIMA;3;2014;13;32.14689722;-110.909325;Motor Vehicle In-Transport;Daylight;Clear;1;Minor arterial;Daytime;Weekday;1;2;2;2;2;2;2
2014040126;1;1;MARICOPA;3;2014;17;33.7531;-111.89116944;Pedalcyclist;Dusk;Cloudy;1;Minor arterial;Daytime;Weekday;2;2;2;1;1;2;2
2014040127;1;0;PINAL;3;2014;8;33.06440556;-111.48052222;Fell/Jumped from Vehicle;Daylight;Clear;1;Local;Daytime;Weekend;2;2;2;2;2;2;2
2014040128;2;0;MARICOPA;3;2014;16;33.62276111;-111.92340556;Motor Vehicle In-Transport;Daylight;Clear;1;Local;Daytime;Weekend;2;1;2;2;2;2;2
2014040130;1;0;COCHISE;4;2014;13;31.67278611;-110.11773889;Traffic Sign Support;Daylight;Clear;1;Collector;Daytime;Weekday;2;1;2;2;2;2;2
2014040132;3;0;PIMA;4;2014;19;32.23544444;-110.73795833;Motor Vehicle In-Transport;Dark - Not Lighted;Clear;1;Collector;Nighttime;Weekday;2;1;2;2;2;2;2
2014040136;1;0;PIMA;4;2014;21;32.37280556;-111.10983056;Other Fixed Object;Dark - Not Lighted;Clear;1;Local;Nighttime;Weekend;2;2;2;2;2;2;2
2014040138;2;0;MARICOPA;4;2014;12;33.62514167;-112.15110278;Motor Vehicle In-Transport;Daylight;Clear;1;Minor arterial;Daytime;Weekday;2;2;2;2;2;2;2
2014040141;1;0;PIMA;4;2014;18;31.92308611;-110.77253611;Embankment;Dark - Not Lighted;Clear;1;Local;Nighttime;Weekend;2;1;2;2;2;2;2
2014040142;1;0;YAVAPAI;4;2014;16;34.53086111;-112.11483889;Fence;Daylight;Unknown;1;Minor arterial;Daytime;Weekday;2;2;2;2;2;2;2
2014040147;1;1;YAVAPAI;4;2014;16;34.57076944;-112.47352222;Pedestrian;Daylight;Cloudy;1;Collector;Daytime;Weekday;2;2;1;2;2;1;2
2014040149;2;0;MARICOPA;4;2014;8;33.4646;-112.44414722;Motor Vehicle In-Transport;Daylight;Clear;1;Minor arterial;Daytime;Weekend;2;2;2;2;2;2;2
2014040150;1;0;MARICOPA;4;2014;19;33.34947778;-112.67700556;Curb;Dark - Lighted;Clear;1;Local;Nighttime;Weekend;2;1;2;2;2;2;2
2014040151;1;0;MARICOPA;4;2014;11;33.93480556;-112.788225;Tree (Standing Only);Daylight;Cloudy;1;Collector;Daytime;Weekend;2;1;2;2;2;1;2
2014040152;1;1;MARICOPA;3;2014;20;33.52403333;-112.18996667;Pedestrian;Dark - Lighted;Clear;1;Minor arterial;Nighttime;Weekday;2;2;1;2;2;2;2
2014040156;1;1;MARICOPA;3;2014;19;33.39257222;-112.00863333;Pedestrian;Dark - Not Lighted;Clear;1;Minor arterial;Nighttime;Weekday;2;2;1;2;2;2;2
2014040158;2;0;MARICOPA;3;2014;0;33.63820556;-112.15165278;Motor Vehicle In-Transport;Dark - Lighted;Rain;1;Minor arterial;Nighttime;Weekend;2;2;2;2;2;2;2
2014040159;2;0;APACHE;3;2014;13;36.07062778;-109.61056389;Motor Vehicle In-Transport;Daylight;Clear;1;Collector;Daytime;Weekday;2;2;2;2;2;2;2
2014040162;1;0;MARICOPA;3;2014;16;33.5348;-113.15471944;Rollover/Overturn;Daylight;Clear;1;Collector;Daytime;Weekend;2;2;2;2;2;2;2
2014040163;1;0;MOHAVE;3;2014;17;36.98515278;-112.99934444;Fell/Jumped from Vehicle;Daylight;Clear;1;Unknown;Daytime;Weekday;2;2;2;2;2;1;2
2014040164;2;0;APACHE;3;2014;11;99.9999;999.9999;Motor Vehicle In-Transport;Daylight;Not Reported;1;Collector;Daytime;Weekday;2;1;2;2;2;2;2
2014040167;1;0;MARICOPA;3;2014;10;33.67852778;-112.27648889;Curb;Daylight;Cloudy;2;Minor arterial;Daytime;Weekday;2;2;2;2;2;2;2
2014040170;1;2;MARICOPA;3;2014;13;33.46952222;-112.22153611;Pedestrian;Daylight;Clear;1;Local;Daytime;Weekday;2;2;2;2;2;1;2
2014040171;1;1;MARICOPA;3;2014;12;33.45696111;-112.09123889;Pedestrian;Daylight;Clear;1;Collector;Daytime;Weekend;1;2;1;2;2;2;2
2014040172;1;0;NAVAJO;3;2014;9;34.02711667;-109.90985;Ditch;Unknown;Unknown;1;Minor arterial;Daytime;Weekend;2;2;2;2;2;2;2
2014040173;1;0;PIMA;3;2014;12;32.09563611;-111.00951944;Fell/Jumped from Vehicle;Daylight;Clear;1;Local;Daytime;Weekend;2;1;2;2;2;2;2
2014040184;1;0;MARICOPA;3;2014;2;33.54379722;-111.343;Rollover/Overturn;Dark - Not Lighted;Clear;1;Collector;Nighttime;Weekday;2;1;2;2;2;2;2
2014040186;1;0;MARICOPA;4;2014;23;33.41716389;-111.84828611;Curb;Dark - Lighted;Clear;1;Collector;Nighttime;Weekday;2;2;2;2;2;2;2
2014040188;1;0;MARICOPA;4;2014;18;33.26791944;-111.98010278;Ditch;Dusk;Clear;1;Local;Nighttime;Weekend;2;1;2;2;2;2;2
2014040191;1;1;MARICOPA;4;2014;23;33.50222778;-111.92153611;Pedestrian;Dark - Lighted;Cloudy;1;Minor arterial;Nighttime;Weekend;2;2;1;2;2;2;2
2014040192;2;0;PINAL;4;2014;0;32.92211944;-111.82961111;Motor Vehicle In-Transport;Dark - Not Lighted;Clear;1;Minor arterial;Nighttime;Weekend;2;1;2;2;2;2;2
2014040196;1;0;YAVAPAI;4;2014;22;34.603475;-112.30888889;Rollover/Overturn;Dark - Lighted;Clear;1;Minor arterial;Nighttime;Weekend;2;1;2;2;2;2;2