accident_id;vehicle;peds;county;month;year;hour;latitude;longitude;harm_ev;lgt_cond;weather;fatals;road_fc;tod;dow;large_truck;speeding;ped_f;pedal;pedal_f;distracted_driver;drowsy_driver
2014040199;2;0;APACHE;3;2014;21;99.9999;999.9999;Motor Vehicle In-Transport;Dark - Unknown Lighting;Unknown;1;Collector;Nighttime;Weekend;2;2;2;2;2;2;2
2014040200;1;0;NAVAJO;3;2014;20;99.9999;999.9999;Rollover/Overturn;Dark - Unknown Lighting;Unknown;1;Unknown;Nighttime;Weekend;2;2;2;2;2;2;2
2014040202;1;0;NAVAJO;4;2014;6;34.47086389;-110.00945278;Rollover/Overturn;Dark - Not Lighted;Unknown;2;Local;Daytime;Weekday;2;1;2;2;2;2;2
2014040205;1;0;APACHE;4;2014;20;35.77568056;-109.73328333;Unknown;Unknown;Unknown;1;Minor arterial;Nighttime;Weekday;2;2;2;2;2;2;2
2014040206;1;0;APACHE;4;2014;17;99.9999;999.9999;Unknown;Daylight;Unknown;1;Collector;Daytime;Weekday;2;2;2;2;2;2;2
2014040207;2;0;MARICOPA;4;2014;17;33.5818;-112.19476667;Motor Vehicle In-Transport;Daylight;Clear;1;Minor arterial;Daytime;Weekday;2;2;2;2;2;2;2
2014040208;1;1;MARICOPA;4;2014;21;33.45120278;-111.99221667;Pedestrian;Dark - Lighted;Clear;1;Minor arterial;Nighttime;Weekend;2;2;1;2;2;2;2
2014040210;1;0;MARICOPA;4;2014;18;33.24643056;-111.62393056;Curb;Dusk;Clear;1;Collector;Nighttime;Weekend;2;2;2;2;2;1;2
2014040214;2;0;MARICOPA;4;2014;14;33.39593056;-112.04730833;Motor Vehicle In-Transport;Daylight;Clear;1;Minor arterial;Daytime;Weekday;2;1;2;2;2;2;2
2014040215;1;0;MARICOPA;4;2014;2;33.507975;-112.29504167;Tree (Standing Only);Dark - Lighted;Clear;1;Minor arterial;Nighttime;Weekday;2;1;2;2;2;2;2
2014040217;1;1;MARICOPA;4;2014;19;33.43674167;-112.09748611;Pedestrian;Dark - Lighted;Clear;1;Minor arterial;Nighttime;Weekend;2;2;1;2;2;1;2
2014040219;1;1;MARICOPA;4;2014;19;33.55125833;-112.07389167;Pedestrian;Dark - Lighted;Clear;1;Minor arterial;Nighttime;Weekday;2;2;1;2;2;2;2
2014040221;1;1;MARICOPA;4;2014;23;33.52404167;-112.18926944;Pedestrian;Dark - Lighted;Clear;1;Minor arterial;Nighttime;Weekend;2;2;1;2;2;2;2
2014040222;1;0;PIMA;4;2014;6;31.97651389;-111.73581944;Rollover/Overturn;Daylight;Clear;1;Minor arterial;Daytime;Weekend;2;1;2;2;2;1;2
2014040228;1;1;NAVAJO;4;2014;20;99.9999;999.9999;Pedestrian;Dark - Not Lighted;Clear;1;Collector;Nighttime;Weekend;2;2;1;2;2;2;2
2014040230;1;0;COCHISE;5;2014;8;32.09971389;-109.93403889;Rollover/Overturn;Daylight;Clear;1;Local;Daytime;Weekend;2;1;2;2;2;2;2
2014040236;1;0;MARICOPA;5;2014;1;33.70970833;-112.21461111;Curb;Dark - Lighted;Clear;1;Local;Nighttime;Weekday;2;1;2;2;2;2;2
2014040237;2;0;GILA;5;2014;13;34.42110833;-111.50805;Motor Vehicle In-Transport;Daylight;Cloudy;1;Collector;Daytime;Weekday;2;1;2;2;2;2;2
2014040239;4;0;MARICOPA;5;2014;21;33.40732222;-111.978925;Motor Vehicle In-Transport;Dark - Not Lighted;Clear;1;Minor arterial;Nighttime;Weekend;2;1;2;2;2;2;2
2014040240;2;0;COCHISE;5;2014;14;31.69246389;-110.36376944;Rollover/Overturn;Daylight;Clear;1;Collector;Daytime;Weekend;2;2;2;2;2;1;2
2014040241;1;0;PIMA;5;2014;17;32.20247778;-112.09868889;Culvert;Daylight;Clear;3;Collector;Daytime;Weekend;2;1;2;2;2;2;1
2014040242;2;0;PIMA;5;2014;10;32.12913056;-111.08052222;Motor Vehicle In-Transport;Daylight;Clear;1;Local;Daytime;Weekend;2;2;2;2;2;1;2
2014040243;1;0;SANTA CRUZ;5;2014;17;31.53143056;-110.71829722;Rollover/Overturn;Daylight;Clear;2;Collector;Daytime;Weekend;2;1;2;2;2;2;2
2014040245;1;1;MARICOPA;5;2014;10;33.68198611;-111.982325;Pedalcyclist;Daylight;Clear;1;Local;Daytime;Weekday;2;1;2;1;1;1;2
2014040247;1;0;COCONINO;5;2014;16;35.29888889;-111.71822222;Rollover/Overturn;Daylight;Cloudy;1;Collector;Daytime;Weekday;1;1;2;2;2;2;2
2014040249;2;0;PIMA;5;2014;2;32.27941667;-110.95298056;Motor Vehicle In-Transport;Dark - Lighted;Clear;1;Minor arterial;Nighttime;Weekend;2;2;2;2;2;2;2
2014040250;1;3;YAVAPAI;5;2014;12;34.69352778;-111.85624167;Pedalcyclist;Daylight;Clear;1;Collector;Daytime;Weekend;2;2;2;1;1;2;2
2014040253;1;0;COCONINO;5;2014;14;34.76862222;-111.00878333;Rollover/Overturn;Daylight;Clear;1;Collector;Daytime;Weekend;2;1;2;2;2;1;2
2014040258;1;0;PIMA;5;2014;20;31.90409444;-110.99050556;Other Object (not fixed);Dark - Lighted;Cloudy;1;Collector;Nighttime;Weekend;2;2;2;2;2;2;2
2014040260;1;0;PIMA;5;2014;6;31.80510833;-111.81851111;Rollover/Overturn;Daylight;Clear;1;Collector;Daytime;Weekend;2;1;2;2;2;1;2
2014040261;2;0;GILA;5;2014;15;33.71375278;-110.53478056;Motor Vehicle In-Transport;Daylight;Cloudy;1;Minor arterial;Daytime;Weekend;1;2;2;2;2;2;2
2014040269;1;0;MOHAVE;5;2014;23;36.82063889;-113.55961111;Embankment;Dark - Not Lighted;Clear;1;Local;Nighttime;Weekend;2;1;2;2;2;2;2
2014040272;1;0;COCONINO;5;2014;10;36.30036111;-111.44435833;Rollover/Overturn;Daylight;Clear;1;Local;Daytime;Weekend;2;2;2;2;2;2;2
2014040274;1;1;MARICOPA;5;2014;19;33.58132778;-112.22158889;Pedestrian;Dark - Lighted;Clear;1;Minor arterial;Nighttime;Weekend;2;2;1;2;2;2;2
2014040275;2;0;MARICOPA;5;2014;21;33.58191389;-112.17018611;Motor Vehicle In-Transport;Dark - Lighted;Cloudy;1;Minor arterial;Nighttime;Weekend;2;2;2;2;2;2;2
2014040276;1;0;PINAL;5;2014;5;32.78553056;-111.73993611;Ditch;Dark - Not Lighted;Clear;1;Local;Nighttime;Weekend;2;2;2;2;2;2;2
2014040277;2;0;GILA;6;2014;11;33.30686389;-110.49114444;Motor Vehicle In-Transport;Daylight;Clear;1;Minor arterial;Daytime;Weekday;2;2;2;2;2;2;2
2014040279;1;0;MARICOPA;6;2014;5;33.37757222;-112.74469722;Rollover/Overturn;Dark - Not Lighted;Clear;2;Collector;Nighttime;Weekday;2;1;2;2;2;2;2
2014040280;3;0;PIMA;6;2014;14;32.39530278;-110.99575556;Motor Vehicle In-Transport;Daylight;Clear;1;Minor arterial;Daytime;Weekday;2;2;2;2;2;1;2
2014040284;4;0;MARICOPA;6;2014;5;33.43735;-111.70171111;Motor Vehicle In-Transport;Dawn;Clear;2;Minor arterial;Nighttime;Weekend;2;1;2;2;2;2;2
2014040285;1;0;PINAL;6;2014;22;32.89429167;-111.78446389;Curb;Dark - Not Lighted;Clear;1;Minor arterial;Nighttime;Weekday;2;1;2;2;2;2;2
2014040287;1;0;PINAL;6;2014;4;33.00184167;-111.37113889;Rollover/Overturn;Dark - Not Lighted;Clear;1;Collector;Nighttime;Weekday;2;1;2;2;2;2;2
2014040295;1;0;YAVAPAI;6;2014;1;34.50996944;-113.151475;Rollover/Overturn;Dark - Not Lighted;Clear;1;Collector;Nighttime;Weekend;2;2;2;2;2;2;2
2014040296;1;0;PIMA;6;2014;14;32.17343056;-112.15442778;Guardrail Face;Daylight;Clear;1;Minor arterial;Daytime;Weekday;2;1;2;2;2;2;2
2014040298;1;1;MARICOPA;6;2014;8;33.50167778;-112.23773333;Pedestrian;Daylight;Clear;1;Minor arterial;Daytime;Weekday;2;2;1;2;2;2;2
2014040300;2;0;MARICOPA;6;2014;7;33.42235833;-111.63203056;Rollover/Overturn;Daylight;Clear;1;Minor arterial;Daytime;Weekday;2;1;2;2;2;2;2
2014040303;1;0;PIMA;6;2014;23;32.335225;-111.19931944;Mail Box;Dark - Not Lighted;Clear;1;Local;Nighttime;Weekend;2;1;2;2;2;2;2
2014040307;1;1;MARICOPA;5;2014;8;33.52773611;-112.11690833;Pedestrian;Daylight;Clear;1;Minor arterial;Daytime;Weekday;2;2;1;2;2;2;2
2014040308;1;1;MARICOPA;5;2014;18;33.49659167;-112.23773889;Pedestrian;Daylight;Clear;1;Minor arterial;Nighttime;Weekday;2;2;1;2;2;2;2
2014040310;2;0;MARICOPA;5;2014;5;33.42956944;-112.11720833;Motor Vehicle In-Transport;Dark - Lighted;Clear;1;Minor arterial;Nighttime;Weekday;1;1;2;2;2;2;2
2014040313;1;0;NAVAJO;5;2014;11;99.9999;999.9999;Fell/Jumped from Vehicle;Daylight;Unknown;1;Local;Daytime;Weekend;2;2;2;2;2;2;2
2014040319;2;0;NAVAJO;5;2014;13;36.83695;-110.25404167;Motor Vehicle In-Transport;Daylight;Clear;1;Collector;Daytime;Weekend;2;2;2;2;2;2;2
2014040320;3;0;MARICOPA;5;2014;20;33.38491944;-112.08194444;Motor Vehicle In-Transport;Dark - Lighted;Not Reported;1;Minor arterial;Nighttime;Weekend;2;2;2;2;2;2;2
2014040321;1;1;MARICOPA;5;2014;23;33.46496667;-112.20334722;Pedestrian;Dark - Lighted;Clear;1;Minor arterial;Nighttime;Weekday;2;2;1;2;2;2;2
2014040323;1;0;NAVAJO;5;2014;14;35.75487778;-110.02741111;Unknown;Daylight;Unknown;1;Minor arterial;Daytime;Weekday;2;2;2;2;2;2;2
2014040324;1;1;APACHE;5;2014;22;35.81681667;-109.60877222;Pedestrian;Unknown;Unknown;1;Collector;Nighttime;Weekday;2;2;1;2;2;2;2
2014040326;2;0;MARICOPA;5;2014;14;33.50561111;-112.04753611;Motor Vehicle In-Transport;Daylight;Clear;1;Minor arterial;Daytime;Weekday;2;2;2;2;2;2;2
2014040327;1;1;MARICOPA;5;2014;17;33.48472778;-112.01294722;Pedestrian;Daylight;Clear;1;Minor arterial;Daytime;Weekday;2;2;1;2;2;2;2
2014040330;1;0;APACHE;6;2014;5;34.90769722;-109.308675;Fence;Dark - Unknown Lighting;Unknown;1;Local;Nighttime;Weekday;2;1;2;2;2;2;2
2014040334;2;0;GILA;6;2014;5;33.34743889;-110.62675;Motor Vehicle In-Transport;Dawn;Clear;1;Minor arterial;Nighttime;Weekend;2;2;2;2;2;2;2
2014040336;1;0;APACHE;6;2014;16;34.48528611;-109.35698889;Embankment;Daylight;Clear;1;Local;Daytime;Weekday;2;1;2;2;2;2;2
2014040337;1;1;MARICOPA;6;2014;19;33.46594444;-112.12658056;Pedestrian;Dark - Lighted;Clear;1;Minor arterial;Nighttime;Weekend;2;2;1;2;2;2;2
2014040338;1;1;MARICOPA;6;2014;21;33.61061389;-112.15118889;Pedestrian;Dark - Lighted;Clear;1;Minor arterial;Nighttime;Weekday;2;2;1;2;2;2;2
2014040347;1;0;MARICOPA;6;2014;7;33.63348056;-111.74325833;Mail Box;Daylight;Clear;1;Local;Daytime;Weekend;2;2;2;2;2;2;2
2014040350;1;0;PIMA;7;2014;10;32.21058889;-112.624525;Fence;Daylight;Clear;1;Minor arterial;Daytime;Weekend;2;1;2;2;2;2;2
2014040358;1;0;YAVAPAI;7;2014;16;34.531425;-112.464575;Rollover/Overturn;Daylight;Clear;1;Minor arterial;Daytime;Weekend;2;2;2;2;2;2;2
2014040359;2;0;PIMA;7;2014;18;32.39531944;-111.01284444;Motor Vehicle In-Transport;Daylight;Clear;1;Minor arterial;Nighttime;Weekend;2;2;2;2;2;2;2
2014040360;1;0;COCONINO;7;2014;17;34.98348611;-112.29661944;Boulder;Daylight;Clear;1;Local;Daytime;Weekday;2;1;2;2;2;2;2
2014040362;1;0;APACHE;3;2014;15;36.84975833;-109.29566667;Rollover/Overturn;Daylight;Clear;1;Local;Daytime;Weekday;2;2;2;2;2;2;2
2014040366;1;1;MARICOPA;7;2014;19;33.53843056;-112.16364444;Pedestrian;Dusk;Clear;1;Minor arterial;Nighttime;Weekday;2;2;1;2;2;2;2
2014040369;1;0;COCHISE;6;2014;2;31.43073611;-110.24123889;Traffic Sign Support;Dark - Not Lighted;Clear;1;Minor arterial;Nighttime;Weekend;2;1;2;2;2;2;2
2014040370;2;0;COCONINO;6;2014;21;36.64096389;-111.21815278;Motor Vehicle In-Transport;Dark - Not Lighted;Clear;1;Collector;Nighttime;Weekend;2;1;2;2;2;1;2
2014040373;3;0;GRAHAM;6;2014;22;33.17391944;-110.14039444;Motor Vehicle In-Transport;Dark - Not Lighted;Clear;4;Minor arterial;Nighttime;Weekday;2;1;2;2;2;2;2
2014040375;1;0;MOHAVE;6;2014;0;99.9999;999.9999;Other Fixed Object;Dark - Unknown Lighting;Unknown;1;Collector;Nighttime;Weekend;2;2;2;2;2;2;2
2014040376;1;0;MARICOPA;6;2014;5;33.39196944;-112.16161389;Other Fixed Object;Dawn;Clear;1;Minor arterial;Nighttime;Weekend;2;1;2;2;2;2;2
2014040379;2;0;PINAL;7;2014;8;32.96750278;-111.75665833;Motor Vehicle In-Transport;Daylight;Clear;1;Minor arterial;Daytime;Weekday;1;2;2;2;2;2;2
2014040382;2;0;MARICOPA;7;2014;11;33.81368056;-112.04791944;Motor Vehicle In-Transport;Daylight;Clear;1;Local;Daytime;Weekend;2;2;2;2;2;2;2
2014040383;1;0;GILA;7;2014;17;34.35264444;-111.1565;Rollover/Overturn;Daylight;Cloudy;1;Local;Daytime;Weekend;2;1;2;2;2;2;2
2014040385;1;0;GILA;8;2014;7;33.74511667;-110.52668333;Rollover/Overturn;Daylight;Cloudy;1;Minor arterial;Daytime;Weekday;2;1;2;2;2;2;2
2014040386;2;0;MARICOPA;8;2014;20;33.31368056;-111.78969444;Motor Vehicle In-Transport;Dark - Lighted;Cloudy;1;Minor arterial;Nighttime;Weekend;2;2;2;2;2;2;2
2014040388;2;0;MARICOPA;8;2014;7;33.40786667;-111.63270833;Motor Vehicle In-Transport;Daylight;Cloudy;1;Minor arterial;Daytime;Weekend;2;1;2;2;2;2;2
2014040389;1;0;MARICOPA;8;2014;6;33.42689722;-112.04568889;Other Object (not fixed);Dark - Lighted;Clear;1;Local;Daytime;Weekend;2;1;2;2;2;2;2
2014040390;1;0;PIMA;8;2014;7;32.16634722;-111.00609444;Curb;Daylight;Clear;1;Minor arterial;Daytime;Weekend;2;1;2;2;2;2;2
2014040393;1;1;MARICOPA;8;2014;20;33.55310556;-112.11001111;Non-Motorist on Personal Conveyance;Dark - Not Lighted;Clear;1;Minor arterial;Nighttime;Weekend;2;2;2;2;2;2;2
2014040399;1;0;NAVAJO;8;2014;20;34.07906111;-109.89128056;Rollover/Overturn;Dusk;Clear;1;Collector;Nighttime;Weekend;2;2;2;2;2;2;2
2014040410;1;0;YAVAPAI;8;2014;17;34.34236944;-112.15486944;Ditch;Daylight;Cloudy;1;Local;Daytime;Weekday;2;2;2;2;2;2;2
2014040413;2;0;APACHE;8;2014;12;34.02514722;-109.45036667;Motor Vehicle In-Transport;Daylight;Clear;1;Collector;Daytime;Weekday;2;2;2;2;2;2;2
2014040414;1;0;COCONINO;8;2014;9;35.03222778;-111.45326111;Boulder;Daylight;Clear;1;Collector;Daytime;Weekday;2;2;2;2;2;2;2
2014040416;1;0;MOHAVE;8;2014;6;35.25569722;-113.97609722;Utility Pole/Light Support;Dawn;Clear;1;Local;Daytime;Weekend;2;2;2;2;2;2;2
2014040417;1;1;MARICOPA;7;2014;2;33.39221389;-112.07401667;Pedestrian;Dark - Lighted;Clear;1;Minor arterial;Nighttime;Weekday;2;2;1;2;2;2;2
2014040420;2;0;MARICOPA;7;2014;15;33.55310833;-112.13476389;Motor Vehicle In-Transport;Daylight;Clear;1;Minor arterial;Daytime;Weekend;2;2;2;2;2;2;2
2014040421;1;0;COCONINO;7;2014;21;36.10823889;-111.21748889;Rollover/Overturn;Dark - Unknown Lighting;Unknown;1;Minor arterial;Nighttime;Weekday;2;2;2;2;2;2;2
2014040422;1;0;MARICOPA;7;2014;3;99.9999;999.9999;Rollover/Overturn;Dark - Unknown Lighting;Unknown;3;Collector;Nighttime;Weekend;2;2;2;2;2;2;2
2014040423;1;1;MOHAVE;7;2014;9;99.9999;999.9999;Pedestrian;Daylight;Unknown;1;Local;Daytime;Weekday;2;2;1;2;2;2;2
2014040424;1;1;MARICOPA;7;2014;22;33.47862778;-112.01291667;Non-Motorist on Personal Conveyance;Dark - Lighted;Clear;1;Minor arterial;Nighttime;Weekday;2;2;2;2;2;2;2
2014040426;1;1;MARICOPA;7;2014;20;33.399475;-112.11460278;Pedalcyclist;Dark - Lighted;Clear;1;Local;Nighttime;Weekday;2;1;2;1;1;2;2
2014040427;2;0;MARICOPA;7;2014;21;33.59183056;-112.29878056;Motor Vehicle In-Transport;Dark - Lighted;Clear;1;Collector;Nighttime;Weekday;2;2;2;2;2;1;2
2014040428;1;1;MARICOPA;7;2014;20;33.46868889;-112.01290556;Pedestrian;Dark - Lighted;Clear;1;Minor arterial;Nighttime;Weekend;2;2;1;2;2;2;2
2014040429;1;0;GILA;7;2014;3;33.37618611;-110.87020833;Rollover/Overturn;Dark - Not Lighted;Cloudy;1;Local;Nighttime;Weekend;2;2;2;2;2;2;2
2014040430;1;1;MARICOPA;7;2014;22;33.553125;-112.13746389;Pedestrian;Dark - Unknown Lighting;Unknown;1;Minor arterial;Nighttime;Weekend;2;2;1;2;2;2;2
2014040434;1;0;MARICOPA;8;2014;16;33.74130278;-111.77554722;Traffic Sign Support;Dusk;Rain;3;Collector;Daytime;Weekend;2;1;2;2;2;2;2
2014040437;1;1;PIMA;8;2014;5;32.39929444;-111.13530278;Pedestrian;Dark - Not Lighted;Clear;1;Collector;Nighttime;Weekday;1;2;1;2;2;2;2
2014040442;1;0;COCONINO;8;2014;10;34.42173056;-111.51178889;Guardrail Face;Daylight;Cloudy;1;Collector;Daytime;Weekend;2;1;2;2;2;2;2
2014040443;2;0;GRAHAM;8;2014;22;32.80893333;-109.585725;Motor Vehicle In-Transport;Dark - Not Lighted;Cloudy;1;Minor arterial;Nighttime;Weekday;2;2;2;2;2;2;2
2014040446;2;0;COCONINO;8;2014;22;36.61703889;-110.95608333;Motor Vehicle In-Transport;Dark - Not Lighted;Clear;3;Collector;Nighttime;Weekend;2;2;2;2;2;2;2
2014040448;1;0;YAVAPAI;9;2014;12;34.521775;-112.39248889;Tree (Standing Only);Daylight;Unknown;1;Local;Daytime;Weekday;2;1;2;2;2;2;2
2014040453;1;1;COCONINO;9;2014;13;35.57337778;-111.92907222;Pedalcyclist;Daylight;Cloudy;1;Collector;Daytime;Weekend;2;1;2;1;1;2;2
2014040455;2;0;MARICOPA;9;2014;11;33.60915;-112.27016944;Motor Vehicle In-Transport;Daylight;Cloudy;1;Minor arterial;Daytime;Weekday;2;2;2;2;2;2;2
2014040458;1;0;PINAL;9;2014;18;33.429575;-111.56565556;Rollover/Overturn;Dark - Not Lighted;Not Reported;1;Local;Nighttime;Weekend;2;1;2;2;2;1;2
2014040473;1;1;MARICOPA;8;2014;19;33.55313611;-112.13696944;Pedestrian;Dark - Lighted;Clear;1;Minor arterial;Nighttime;Weekday;2;2;1;2;2;2;2
2014040478;1;1;MARICOPA;8;2014;20;33.48907222;-112.15164444;Pedalcyclist;Dark - Lighted;Clear;1;Minor arterial;Nighttime;Weekday;2;2;2;1;1;2;2
2014040480;2;0;MARICOPA;9;2014;13;33.42941111;-111.87800556;Motor Vehicle In-Transport;Daylight;Rain;1;Collector;Daytime;Weekday;2;2;2;2;2;2;2
2014040481;2;0;MARICOPA;9;2014;6;33.53119722;-112.14711667;Motor Vehicle In-Transport;Daylight;Clear;1;Collector;Daytime;Weekday;2;2;2;2;2;2;2
2014040482;2;0;MARICOPA;9;2014;7;33.68154167;-112.23784444;Motor Vehicle In-Transport;Daylight;Clear;1;Minor arterial;Daytime;Weekday;2;2;2;2;2;2;2
2014040483;2;0;NAVAJO;7;2014;13;34.38087778;-110.60205556;Motor Vehicle In-Transport;Daylight;Clear;1;Local;Daytime;Weekend;2;1;2;2;2;2;2
2014040484;1;0;NAVAJO;9;2014;23;34.26397778;-110.04975556;Fence;Dark - Lighted;Cloudy;1;Local;Nighttime;Weekend;2;1;2;2;2;2;2
2014040485;2;0;YAVAPAI;9;2014;9;35.33533333;-112.92545556;Motor Vehicle In-Transport;Daylight;Cloudy;1;Collector;Daytime;Weekend;2;2;2;2;2;2;2
2014040488;1;0;MARICOPA;10;2014;19;33.65252222;-112.29850833;Curb;Dark - Lighted;Clear;1;Minor arterial;Nighttime;Weekend;2;1;2;2;2;2;2
2014040494;1;1;MARICOPA;10;2014;13;33.39591944;-111.67615278;Pedestrian;Daylight;Clear;1;Collector;Daytime;Weekday;2;2;1;2;2;1;2
2014040495;1;0;MARICOPA;10;2014;7;32.81088333;-112.79353889;Rollover/Overturn;Daylight;Clear;1;Minor arterial;Daytime;Weekday;2;2;2;2;2;2;2
2014040502;1;0;COCONINO;10;2014;10;36.02457222;-111.14353889;Rollover/Overturn;Daylight;Clear;1;Minor arterial;Daytime;Weekday;2;2;2;2;2;2;2
2014040503;1;0;MARICOPA;8;2014;7;33.33387778;-112.17492222;Ditch;Daylight;Clear;1;Collector;Daytime;Weekend;2;1;2;2;2;2;2
2014040505;1;2;MARICOPA;9;2014;19;33.61072778;-112.17007778;Pedestrian;Dusk;Clear;1;Minor arterial;Nighttime;Weekday;2;2;1;2;2;1;2
2014040506;1;1;MARICOPA;9;2014;1;33.40801944;-112.18425833;Pedestrian;Dark - Not Lighted;Clear;1;Minor arterial;Nighttime;Weekend;2;2;1;2;2;2;2
2014040507;2;0;MARICOPA;9;2014;11;33.66959722;-112.02660556;Motor Vehicle In-Transport;Daylight;Clear;1;Minor arterial;Daytime;Weekend;2;2;2;2;2;2;2
2014040508;1;1;MARICOPA;9;2014;19;33.46568333;-111.99257778;Pedestrian;Dark - Lighted;Clear;1;Minor arterial;Nighttime;Weekday;2;2;1;2;2;1;2
2014040509;2;0;APACHE;9;2014;15;35.71830833;-109.39143889;Motor Vehicle In-Transport;Daylight;Clear;1;Minor arterial;Daytime;Weekday;2;2;2;2;2;1;2
2014040510;3;0;MARICOPA;10;2014;0;33.79783889;-112.24269167;Motor Vehicle In-Transport;Dark - Not Lighted;Clear;3;Minor arterial;Nighttime;Weekend;2;1;2;2;2;2;2
2014040512;1;0;PIMA;10;2014;9;32.32147222;-110.85149167;Curb;Daylight;Clear;1;Minor arterial;Daytime;Weekday;2;1;2;2;2;2;2
2014040513;3;0;PIMA;10;2014;17;32.23798611;-110.90118611;Motor Vehicle In-Transport;Dusk;Clear;1;Collector;Daytime;Weekday;2;1;2;2;2;2;2
2014040514;1;1;MARICOPA;10;2014;0;33.46574722;-112.00728056;Pedestrian;Dark - Lighted;Clear;1;Minor arterial;Nighttime;Weekday;2;2;1;2;2;1;2
2014040515;2;0;MARICOPA;10;2014;14;33.29549444;-111.773875;Motor Vehicle In-Transport;Daylight;Clear;1;Minor arterial;Daytime;Weekday;2;2;2;2;2;2;2
2014040517;1;1;MOHAVE;10;2014;20;35.23663056;-113.991825;Pedestrian;Dark - Not Lighted;Clear;1;Minor arterial;Nighttime;Weekend;2;1;1;2;2;2;2
2014040520;1;1;PINAL;9;2014;21;33.23202222;-111.56329444;Non-Motorist on Personal Conveyance;Dark - Not Lighted;Clear;1;Minor arterial;Nighttime;Weekend;2;2;2;2;2;1;2
2014040521;1;1;MARICOPA;9;2014;17;33.66009722;-112.22463056;Pedestrian;Daylight;Clear;1;Local;Daytime;Weekday;2;1;1;2;2;2;2
2014040522;1;1;PINAL;9;2014;5;33.21994444;-111.57079444;Pedestrian;Dark - Not Lighted;Clear;1;Collector;Nighttime;Weekday;2;2;1;2;2;2;2
2014040523;2;0;MARICOPA;9;2014;12;33.44021667;-111.93081667;Motor Vehicle In-Transport;Daylight;Cloudy;1;Minor arterial;Daytime;Weekday;2;2;2;2;2;2;2
2014040525;1;1;MARICOPA;9;2014;0;33.446;-111.96743889;Pedestrian;Dark - Lighted;Clear;1;Minor arterial;Nighttime;Weekend;2;2;1;2;2;2;2
2014040529;2;0;MARICOPA;9;2014;16;33.52401389;-112.09115556;Motor Vehicle In-Transport;Daylight;Clear;1;Minor arterial;Daytime;Weekday;2;2;2;2;2;2;2
2014040531;2;0;MARICOPA;9;2014;21;99.9999;999.9999;Motor Vehicle In-Transport;Dark - Unknown Lighting;Unknown;3;Minor arterial;Nighttime;Weekday;2;2;2;2;2;2;2
2014040532;1;0;GREENLEE;9;2014;21;33.04832778;-109.320725;Rollover/Overturn;Dark - Lighted;Clear;1;Local;Nighttime;Weekend;2;1;2;2;2;2;2
2014040539;1;0;NAVAJO;10;2014;2;36.73234722;-110.24250833;Rollover/Overturn;Dark - Not Lighted;Clear;2;Collector;Nighttime;Weekday;2;2;2;2;2;2;2
2014040541;1;1;MARICOPA;10;2014;10;33.35053056;-111.96320278;Curb;Daylight;Clear;1;Minor arterial;Daytime;Weekday;1;2;1;2;2;2;2
2014040542;2;0;PINAL;10;2014;21;33.05843611;-111.99549444;Motor Vehicle In-Transport;Dark - Not Lighted;Clear;1;Local;Nighttime;Weekday;2;1;2;2;2;2;2
2014040543;1;0;PIMA;11;2014;3;32.22142222;-111.02575556;Rollover/Overturn;Dark - Not Lighted;Clear;1;Local;Nighttime;Weekend;2;1;2;2;2;2;2
2014040548;2;0;MARICOPA;11;2014;17;33.66713611;-112.23788056;Motor Vehicle In-Transport;Dark - Lighted;Clear;1;Minor arterial;Daytime;Weekday;2;2;2;2;2;2;2
2014040550;1;0;GRAHAM;11;2014;0;32.81433333;-109.74149444;Shrubbery;Dark - Not Lighted;Clear;1;Collector;Nighttime;Weekend;2;2;2;2;2;2;2
2014040553;2;0;MARICOPA;11;2014;17;33.51668611;-112.08646111;Motor Vehicle In-Transport;Daylight;Clear;1;Collector;Daytime;Weekday;2;2;2;2;2;2;2
2014040566;1;1;PIMA;11;2014;10;32.19425556;-110.99038333;Pedalcyclist;Daylight;Clear;1;Local;Daytime;Weekday;2;2;2;1;1;2;2