accident_id;vehicle;peds;county;month;year;hour;latitude;longitude;harm_ev;lgt_cond;weather;fatals;road_fc;tod;dow;large_truck;speeding;ped_f;pedal;pedal_f;distracted_driver;drowsy_driver
2014040571;1;0;NAVAJO;11;2014;11;36.80573889;-110.23286667;Rollover/Overturn;Daylight;Cloudy;1;Collector;Daytime;Weekend;2;2;2;2;2;2;2
2014040572;1;0;PIMA;11;2014;19;32.16730278;-110.92634722;Bridge Pier or Support;Dark - Not Lighted;Clear;2;Collector;Nighttime;Weekend;2;2;2;2;2;2;2
2014040576;1;1;NAVAJO;12;2014;19;34.07803611;-109.90590833;Pedestrian;Dark - Not Lighted;Rain;1;Minor arterial;Nighttime;Weekday;2;2;1;2;2;2;2
2014040578;1;0;PIMA;12;2014;16;32.27224444;-110.94014167;Utility Pole/Light Support;Daylight;Clear;1;Minor arterial;Daytime;Weekday;2;2;2;2;2;2;2
2014040579;1;0;PIMA;12;2014;0;32.13401944;-110.85186111;Curb;Dark - Lighted;Clear;1;Local;Nighttime;Weekend;2;1;2;2;2;2;2
2014040580;1;1;MARICOPA;12;2014;17;33.46596944;-112.164375;Pedestrian;Dark - Lighted;Clear;1;Minor arterial;Daytime;Weekday;2;2;1;2;2;2;2
2014040581;1;0;COCONINO;12;2014;23;34.45046944;-111.41921667;Rollover/Overturn;Dark - Not Lighted;Rain;1;Collector;Nighttime;Weekend;2;1;2;2;2;2;2
2014040582;1;0;GILA;12;2014;11;33.64365556;-110.57501389;Guardrail Face;Daylight;Rain;1;Minor arterial;Daytime;Weekend;2;1;2;2;2;2;2
2014040583;1;0;PIMA;12;2014;18;32.19027778;-111.01175556;Traffic Signal Support;Dark - Not Lighted;Clear;1;Minor arterial;Nighttime;Weekend;2;2;2;2;2;2;2
2014040586;1;0;APACHE;8;2014;3;99.9999;999.9999;Fell/Jumped from Vehicle;Dark - Unknown Lighting;Unknown;1;Local;Nighttime;Weekend;2;2;2;2;2;2;2
2014040587;1;0;COCONINO;8;2014;16;34.768375;-111.55553056;Unknown;Daylight;Unknown;1;Collector;Daytime;Weekend;2;2;2;2;2;2;2
2014040588;1;0;MARICOPA;9;2014;11;33.65649167;-112.33177778;Curb;Daylight;Cloudy;1;Collector;Daytime;Weekday;2;2;2;2;2;2;2
2014040589;1;1;MARICOPA;9;2014;22;99.9999;999.9999;Pedestrian;Dark - Unknown Lighting;Unknown;1;Collector;Nighttime;Weekday;2;2;1;2;2;2;2
2014040590;1;0;MARICOPA;9;2014;16;99.9999;999.9999;Unknown;Daylight;Unknown;1;Local;Daytime;Weekend;2;2;2;2;2;2;2
2014040591;1;0;APACHE;9;2014;17;99.9999;999.9999;Rollover/Overturn;Unknown;Unknown;1;Collector;Daytime;Weekend;2;2;2;2;2;2;2
2014040592;1;0;MARICOPA;10;2014;7;99.9999;999.9999;Unknown;Unknown;Unknown;1;Minor arterial;Daytime;Weekday;2;2;2;2;2;2;2
2014040594;1;1;MARICOPA;10;2014;2;99.9999;999.9999;Pedestrian;Dark - Unknown Lighting;Unknown;1;Minor arterial;Nighttime;Weekend;2;1;1;2;2;2;2
2014040595;1;0;MARICOPA;10;2014;7;32.99950278;-112.50024722;Rollover/Overturn;Unknown;Unknown;1;Collector;Daytime;Weekend;2;2;2;2;2;2;2
2014040597;1;0;APACHE;10;2014;22;99.9999;999.9999;Unknown;Dark - Unknown Lighting;Unknown;1;Minor arterial;Nighttime;Weekend;2;2;2;2;2;2;2
2014040605;1;0;PIMA;12;2014;20;32.23265;-110.80683889;Rollover/Overturn;Dark - Lighted;Cloudy;1;Minor arterial;Nighttime;Weekday;2;2;2;2;2;2;2
2014040609;1;0;PINAL;12;2014;17;32.74858611;-111.52479167;Ditch;Dusk;Clear;1;Local;Daytime;Weekday;2;1;2;2;2;2;2
2014040617;1;1;MARICOPA;10;2014;19;99.9999;999.9999;Pedestrian;Unknown;Unknown;1;Minor arterial;Nighttime;Weekday;2;2;1;2;2;2;2
2014040618;2;0;MARICOPA;10;2014;2;33.65461389;-112.11393611;Motor Vehicle In-Transport;Dark - Lighted;Clear;1;Minor arterial;Nighttime;Weekday;2;2;2;2;2;2;2
2014040621;1;1;APACHE;10;2014;20;35.71020556;-109.52184722;Pedestrian;Dark - Unknown Lighting;Unknown;1;Minor arterial;Nighttime;Weekend;2;2;1;2;2;2;2
2014040629;1;0;PIMA;11;2014;23;99.9999;999.9999;Rollover/Overturn;Dark - Not Lighted;Clear;1;Collector;Nighttime;Weekday;2;1;2;2;2;1;2
2014040630;1;1;MARICOPA;11;2014;9;33.29102778;-112.09518333;Pedalcyclist;Daylight;Clear;1;Minor arterial;Daytime;Weekday;2;2;2;1;1;2;2
2014040632;1;0;PINAL;11;2014;12;99.9999;999.9999;Embankment;Daylight;Clear;1;Collector;Daytime;Weekday;2;2;2;2;2;2;1
2014040634;1;0;GILA;8;2014;6;99.9999;999.9999;Rollover/Overturn;Not Reported;Not Reported;1;Collector;Daytime;Weekday;2;2;2;2;2;2;2
2014040636;2;1;MARICOPA;12;2014;16;33.36048889;-111.63581111;Motor Vehicle In-Transport;Daylight;Clear;1;Minor arterial;Daytime;Weekend;2;2;2;1;1;2;1
2014040637;1;0;PIMA;12;2014;15;32.23546944;-110.771075;Traffic Sign Support;Daylight;Cloudy;1;Minor arterial;Daytime;Weekday;1;1;2;2;2;2;2
2014040639;1;0;PINAL;12;2014;21;32.98506389;-112.07404167;Curb;Dark - Not Lighted;Clear;2;Collector;Nighttime;Weekday;2;1;2;2;2;2;2
2014040642;1;0;MARICOPA;9;2014;19;99.9999;999.9999;Unknown;Unknown;Unknown;1;Minor arterial;Nighttime;Weekend;2;2;2;2;2;2;2
2014040643;1;0;APACHE;10;2014;0;99.9999;999.9999;Rollover/Overturn;Dark - Unknown Lighting;Unknown;2;Collector;Nighttime;Weekend;2;2;2;2;2;2;2
2014040647;2;0;MARICOPA;11;2014;22;99.9999;999.9999;Fell/Jumped from Vehicle;Dark - Unknown Lighting;Unknown;1;Minor arterial;Nighttime;Weekday;2;1;2;2;2;2;2
2014040649;1;1;MARICOPA;11;2014;16;33.4588;-112.18647222;Pedalcyclist;Daylight;Clear;1;Minor arterial;Daytime;Weekday;1;2;2;1;1;2;2
2014040657;2;0;PINAL;11;2014;22;33.17008611;-111.79301667;Motor Vehicle In-Transport;Dark - Not Lighted;Clear;2;Minor arterial;Nighttime;Weekend;2;2;2;2;2;2;2
2014040659;1;1;MARICOPA;11;2014;21;33.53841111;-112.15144444;Pedestrian;Dark - Lighted;Clear;1;Minor arterial;Nighttime;Weekend;2;2;1;2;2;2;2
2014040662;2;0;MARICOPA;11;2014;19;33.655125;-112.01363056;Motor Vehicle In-Transport;Dark - Lighted;Clear;1;Minor arterial;Nighttime;Weekend;2;1;2;2;2;1;2
2014040663;1;0;MARICOPA;12;2014;14;33.72734444;-112.26896389;Curb;Daylight;Clear;1;Local;Daytime;Weekday;2;2;2;2;2;2;2
2014040664;3;0;MARICOPA;12;2014;18;33.42874444;-112.30640556;Motor Vehicle In-Transport;Dark - Lighted;Cloudy;1;Minor arterial;Nighttime;Weekday;2;1;2;2;2;2;2
2014040665;1;0;PIMA;11;2014;10;32.33548889;-112.79230556;Rollover/Overturn;Daylight;Clear;1;Minor arterial;Daytime;Weekday;2;1;2;2;2;2;2
2014040667;2;1;MARICOPA;12;2014;8;33.553025;-112.05657778;Pedestrian;Daylight;Clear;1;Minor arterial;Daytime;Weekend;2;2;1;2;2;1;2
2014040670;1;0;COCONINO;11;2014;7;36.12886667;-111.23051111;Rollover/Overturn;Daylight;Unknown;1;Collector;Daytime;Weekend;2;2;2;2;2;2;2
2014040671;1;0;NAVAJO;11;2014;14;36.77465556;-110.19353056;Rollover/Overturn;Daylight;Unknown;2;Local;Daytime;Weekday;2;2;2;2;2;2;2
2014040674;1;1;MARICOPA;12;2014;17;33.45009444;-112.80533056;Pedestrian;Dark - Not Lighted;Clear;1;Local;Daytime;Weekday;2;2;1;2;2;2;2
2014040675;1;1;MARICOPA;12;2014;11;33.36291667;-112.16930556;Pedalcyclist;Daylight;Clear;1;Minor arterial;Daytime;Weekday;2;2;2;1;1;2;2
2014040677;1;0;MARICOPA;12;2014;2;33.542925;-112.28768333;Curb;Dark - Lighted;Clear;1;Collector;Nighttime;Weekend;2;2;2;2;2;2;2
2014040680;1;1;MARICOPA;12;2014;2;33.49887778;-112.11703889;Pedestrian;Dark - Lighted;Clear;1;Minor arterial;Nighttime;Weekday;2;2;1;2;2;2;2
2014040681;1;0;MARICOPA;12;2014;4;33.46163056;-112.15782222;Parked Motor Vehicle;Dark - Unknown Lighting;Clear;1;Local;Nighttime;Weekday;2;1;2;2;2;2;2
2014040682;2;0;MARICOPA;12;2014;20;99.9999;999.9999;Motor Vehicle In-Transport;Dark - Unknown Lighting;Unknown;1;Minor arterial;Nighttime;Weekend;2;2;2;2;2;2;2
2014040683;2;0;MARICOPA;12;2014;12;33.30957222;-112.06268611;Motor Vehicle In-Transport;Daylight;Clear;1;Minor arterial;Daytime;Weekend;2;2;2;2;2;2;2
2014040686;1;1;YAVAPAI;12;2014;6;99.9999;999.9999;Pedestrian;Dark - Unknown Lighting;Unknown;1;Collector;Daytime;Weekday;2;2;1;2;2;2;2
2014040687;1;1;MARICOPA;12;2014;9;33.36395556;-111.96959167;Curb;Daylight;Clear;1;Minor arterial;Daytime;Weekday;2;2;1;2;2;2;1
2014040688;1;1;MARICOPA;12;2014;18;99.9999;999.9999;Pedestrian;Unknown;Unknown;1;Minor arterial;Nighttime;Weekday;2;2;1;2;2;2;2
2014040689;1;1;MARICOPA;12;2014;20;33.52370833;-112.04626111;Pedestrian;Dark - Lighted;Clear;1;Minor arterial;Nighttime;Weekday;2;2;1;2;2;2;2
2014040690;1;0;MARICOPA;12;2014;22;33.571525;-112.09663611;Curb;Dark - Lighted;Clear;1;Collector;Nighttime;Weekend;2;1;2;2;2;2;2
2014040691;1;1;MARICOPA;12;2014;19;33.5531;-112.16450278;Pedestrian;Dark - Lighted;Clear;1;Minor arterial;Nighttime;Weekend;2;1;1;2;2;2;2
2014040692;2;0;MARICOPA;12;2014;16;33.71226667;-112.20313056;Rollover/Overturn;Daylight;Clear;1;Local;Daytime;Weekday;2;1;2;2;2;2;2
2014040700;1;0;GRAHAM;10;2014;18;32.43491389;-109.66334722;Rollover/Overturn;Dark - Not Lighted;Clear;1;Minor arterial;Nighttime;Weekend;2;1;2;2;2;2;2
2014040701;1;0;COCONINO;10;2014;4;35.03003056;-111.73431389;Embankment;Dark - Not Lighted;Clear;1;Minor arterial;Nighttime;Weekday;2;1;2;2;2;2;2
2014040703;1;1;GRAHAM;10;2014;12;32.813825;-109.493875;Pedalcyclist;Daylight;Clear;1;Collector;Daytime;Weekday;1;2;2;1;1;2;2
2014040706;1;0;MOHAVE;11;2014;5;35.38688611;-113.73591667;Tree (Standing Only);Dark - Not Lighted;Clear;1;Collector;Nighttime;Weekday;2;2;2;2;2;2;2
2014040707;1;0;NAVAJO;11;2014;16;99.9999;999.9999;Rollover/Overturn;Unknown;Unknown;2;Collector;Daytime;Weekday;2;2;2;2;2;2;2
2014040710;1;0;NAVAJO;12;2014;7;34.85530833;-109.98761111;Rollover/Overturn;Daylight;Clear;1;Minor arterial;Daytime;Weekend;2;1;2;2;2;2;2
2014040711;3;1;COCHISE;12;2014;18;31.37993056;-110.14876667;Pedestrian;Dark - Not Lighted;Clear;1;Collector;Nighttime;Weekday;2;2;1;2;2;2;2
2014040712;1;0;GRAHAM;12;2014;16;32.81631389;-109.48746111;Rollover/Overturn;Daylight;Clear;1;Collector;Daytime;Weekday;2;1;2;2;2;2;2
2014040714;1;0;COCONINO;12;2014;1;36.81642778;-111.30666389;Shrubbery;Dark - Not Lighted;Cloudy;1;Collector;Nighttime;Weekday;2;1;2;2;2;1;2
2014040716;1;0;COCONINO;12;2014;11;36.72007222;-111.27659444;Tree (Standing Only);Daylight;Clear;1;Collector;Daytime;Weekend;2;2;2;2;2;2;2
2014040717;1;0;MARICOPA;12;2014;17;99.9999;999.9999;Unknown;Unknown;Unknown;1;Local;Daytime;Weekend;2;2;2;2;2;2;2
2014040718;1;0;MARICOPA;11;2014;21;33.34871944;-112.59071944;Unknown;Dark - Not Lighted;Clear;1;Collector;Nighttime;Weekend;2;1;2;2;2;2;2
2014040722;1;0;MARICOPA;12;2014;16;99.9999;999.9999;Unknown;Daylight;Unknown;1;Minor arterial;Daytime;Weekday;2;2;2;2;2;2;2
2014040726;1;1;NAVAJO;4;2014;15;99.9999;999.9999;Pedestrian;Daylight;Unknown;1;Unknown;Daytime;Weekday;2;2;1;2;2;2;2
2014040727;1;0;APACHE;5;2014;13;36.383275;-109.61131389;Rollover/Overturn;Daylight;Unknown;1;Collector;Daytime;Weekday;2;2;2;2;2;2;2
2014040728;1;0;APACHE;9;2014;0;99.9999;999.9999;Unknown;Dark - Unknown Lighting;Unknown;1;Collector;Nighttime;Weekend;2;2;2;2;2;2;2
2015040001;1;1;PIMA;1;2015;5;32.08953889;-111.28117222;Pedestrian;Dark - Not Lighted;Rain;1;Minor arterial;Nighttime;Weekday;2;2;1;2;2;2;2
2015040006;2;0;APACHE;1;2015;10;34.00169444;-109.18832778;Motor Vehicle In-Transport;Daylight;Clear;1;Minor arterial;Daytime;Weekday;2;2;2;2;2;2;2
2015040010;1;0;PINAL;1;2015;6;32.83540556;-111.56766944;Rollover/Overturn;Dark - Not Lighted;Clear;2;Collector;Daytime;Weekend;2;2;2;2;2;2;2
2015040011;1;0;PIMA;1;2015;7;32.19159722;-110.95637222;Utility Pole/Light Support;Daylight;Cloudy;1;Minor arterial;Daytime;Weekend;2;1;2;2;2;2;2
2015040014;1;0;SANTA CRUZ;1;2015;14;31.49603889;-110.97918889;Tree (Standing Only);Daylight;Clear;1;Local;Daytime;Weekday;2;2;2;2;2;2;2
2015040018;1;1;YAVAPAI;1;2015;16;34.52975;-112.47558333;Pedalcyclist;Daylight;Clear;1;Minor arterial;Daytime;Weekday;2;1;2;1;1;2;2
2015040025;1;1;MARICOPA;1;2015;0;33.48002222;-112.15165;Pedestrian;Dark - Lighted;Clear;1;Minor arterial;Nighttime;Weekend;2;2;1;2;2;2;2
2015040027;2;0;NAVAJO;1;2015;15;35.8729;-110.56283056;Motor Vehicle In-Transport;Daylight;Clear;1;Minor arterial;Daytime;Weekday;1;2;2;2;2;2;2
2015040028;3;0;PIMA;1;2015;14;32.26570556;-110.75954444;Motor Vehicle In-Transport;Daylight;Clear;1;Collector;Daytime;Weekday;2;1;2;2;2;2;2
2015040030;2;0;PINAL;1;2015;7;32.82936944;-110.70002778;Motor Vehicle In-Transport;Dawn;Rain;3;Minor arterial;Daytime;Weekday;2;2;2;2;2;2;2
2015040037;1;0;PINAL;1;2015;0;33.06676944;-111.67786944;Bridge Rail (Includes parapet);Dark - Not Lighted;Clear;1;Local;Nighttime;Weekday;2;2;2;2;2;2;2
2015040038;3;0;PINAL;1;2015;7;33.00270556;-111.50656111;Motor Vehicle In-Transport;Dawn;Cloudy;1;Minor arterial;Daytime;Weekday;2;1;2;2;2;1;2
2015040041;1;0;PINAL;1;2015;8;33.05573889;-111.97143889;Curb;Daylight;Cloudy;1;Local;Daytime;Weekday;2;2;2;2;2;2;2
2015040049;2;0;PIMA;1;2015;17;32.07345;-111.26506667;Motor Vehicle In-Transport;Daylight;Cloudy;1;Collector;Daytime;Weekday;2;1;2;2;2;2;2
2015040050;1;1;PINAL;1;2015;20;33.11103889;-111.71941389;Pedestrian;Dark - Not Lighted;Rain;1;Minor arterial;Nighttime;Weekend;2;2;1;2;2;2;2
2015040051;1;0;MARICOPA;1;2015;23;33.27313889;-111.83276667;Other Fixed Object;Dark - Lighted;Cloudy;1;Local;Nighttime;Weekend;2;1;2;2;2;2;2
2015040056;1;1;MARICOPA;1;2015;18;33.57495556;-112.06110278;Pedestrian;Dark - Lighted;Clear;1;Local;Nighttime;Weekend;2;2;1;2;2;2;2
2015040057;2;0;MARICOPA;1;2015;13;33.48403333;-112.0216;Motor Vehicle In-Transport;Daylight;Rain;1;Local;Daytime;Weekend;2;2;2;2;2;2;2
2015040059;1;1;MARICOPA;1;2015;21;33.23817778;-111.87608333;Pedestrian;Dark - Lighted;Clear;1;Minor arterial;Nighttime;Weekday;2;2;1;2;2;2;2
2015040060;1;0;MARICOPA;1;2015;2;33.7914;-112.11754722;Curb;Dark - Lighted;Clear;1;Local;Nighttime;Weekend;2;1;2;2;2;2;2
2015040061;1;1;MARICOPA;1;2015;18;33.56755278;-112.171275;Pedestrian;Dark - Lighted;Clear;1;Minor arterial;Nighttime;Weekday;2;2;1;2;2;2;2
2015040063;1;1;MARICOPA;1;2015;5;33.37189722;-112.67683889;Pedestrian;Dark - Not Lighted;Clear;1;Local;Nighttime;Weekday;1;2;1;2;2;2;2
2015040068;2;0;MARICOPA;2;2015;16;33.53238333;-111.36577222;Embankment;Daylight;Clear;1;Collector;Daytime;Weekday;2;1;2;2;2;2;2
2015040069;2;0;APACHE;2;2015;23;99.9999;999.9999;Motor Vehicle In-Transport;Dark - Not Lighted;Clear;4;Collector;Nighttime;Weekday;2;2;2;2;2;1;2
2015040070;2;0;PIMA;2;2015;7;32.15453333;-111.11561111;Motor Vehicle In-Transport;Daylight;Clear;1;Minor arterial;Daytime;Weekday;2;2;2;2;2;2;2
2015040073;1;0;COCONINO;2;2015;11;36.90709444;-111.47510556;Rollover/Overturn;Daylight;Clear;1;Minor arterial;Daytime;Weekday;2;2;2;2;2;2;2
2015040077;1;1;PIMA;2;2015;16;32.22910833;-110.77753889;Pedestrian;Daylight;Clear;1;Local;Daytime;Weekday;2;2;1;2;2;2;2
2015040079;1;0;PIMA;2;2015;20;32.30260833;-111.03500556;Mail Box;Dark - Not Lighted;Clear;1;Local;Nighttime;Weekend;2;1;2;2;2;2;2
2015040081;1;0;GILA;2;2015;12;33.08775556;-110.71515556;Guardrail Face;Daylight;Clear;1;Minor arterial;Daytime;Weekday;2;1;2;2;2;2;2
2015040093;3;0;PINAL;2;2015;9;33.00251111;-111.54119167;Motor Vehicle In-Transport;Daylight;Clear;1;Minor arterial;Daytime;Weekday;1;1;2;2;2;1;2
2015040098;1;0;PIMA;1;2015;8;99.9999;999.9999;Rollover/Overturn;Daylight;Cloudy;1;Collector;Daytime;Weekday;2;2;2;2;2;2;2
2015040099;1;0;MARICOPA;2;2015;10;33.32549444;-111.67696944;Curb;Daylight;Clear;1;Local;Daytime;Weekday;2;1;2;2;2;2;2
2015040100;1;1;PINAL;2;2015;20;33.05593889;-111.38678889;Pedestrian;Dark - Not Lighted;Clear;1;Minor arterial;Nighttime;Weekday;2;2;1;2;2;2;2
2015040104;1;1;MARICOPA;2;2015;16;33.58917222;-112.29876111;Pedalcyclist;Daylight;Clear;1;Collector;Daytime;Weekday;2;1;2;1;1;2;2
2015040106;1;1;MARICOPA;2;2015;20;33.46601389;-112.14330556;Pedestrian;Dark - Lighted;Clear;1;Minor arterial;Nighttime;Weekend;2;2;1;2;2;2;2
2015040108;1;1;MARICOPA;2;2015;18;33.59788333;-112.12966389;Non-Motorist on Personal Conveyance;Dusk;Clear;1;Local;Nighttime;Weekend;2;2;2;2;2;2;2
2015040109;2;0;MARICOPA;2;2015;23;99.9999;999.9999;Motor Vehicle In-Transport;Dark - Unknown Lighting;Unknown;1;Minor arterial;Nighttime;Weekend;2;1;2;2;2;2;2
2015040110;1;0;MARICOPA;2;2015;2;33.43623611;-112.18660556;Embankment;Dark - Lighted;Clear;1;Minor arterial;Nighttime;Weekend;2;1;2;2;2;2;2
2015040111;2;0;MARICOPA;2;2015;12;33.52400833;-112.09116111;Motor Vehicle In-Transport;Daylight;Clear;1;Minor arterial;Daytime;Weekend;2;2;2;2;2;2;2
2015040114;1;0;MARICOPA;2;2015;8;33.31959167;-112.78166944;Rollover/Overturn;Dark - Not Lighted;Clear;1;Local;Daytime;Weekday;2;1;2;2;2;2;2
2015040119;1;0;GRAHAM;2;2015;16;32.87231389;-109.84702222;Rollover/Overturn;Dusk;Clear;1;Local;Daytime;Weekday;2;1;2;2;2;2;2
2015040120;1;2;MARICOPA;2;2015;1;33.40670833;-112.082;Pedestrian;Dark - Unknown Lighting;Unknown;1;Minor arterial;Nighttime;Weekday;2;2;1;2;2;2;2
2015040121;1;0;MOHAVE;2;2015;1;35.55390833;-113.321675;Rollover/Overturn;Dark - Unknown Lighting;Unknown;1;Collector;Nighttime;Weekday;2;2;2;2;2;2;2
2015040122;2;0;MARICOPA;2;2015;7;33.73864444;-112.559625;Motor Vehicle In-Transport;Daylight;Clear;1;Collector;Daytime;Weekday;2;2;2;2;2;2;2
2015040123;1;0;PINAL;2;2015;19;99.9999;999.9999;Rollover/Overturn;Unknown;Unknown;1;Local;Nighttime;Weekend;2;2;2;2;2;2;2
2015040125;2;0;MARICOPA;2;2015;10;33.46596667;-112.13361111;Curb;Daylight;Cloudy;1;Minor arterial;Daytime;Weekday;2;2;2;2;2;2;2
2015040128;1;1;MARICOPA;2;2015;1;33.49081667;-112.11706389;Pedestrian;Dark - Lighted;Clear;1;Minor arterial;Nighttime;Weekend;2;2;1;2;2;2;2
2015040132;1;0;APACHE;3;2015;11;34.11168333;-109.04953056;Ground;Daylight;Clear;1;Local;Daytime;Weekday;2;1;2;2;2;2;2
2015040133;3;0;MARICOPA;3;2015;16;33.63268889;-111.90853056;Motor Vehicle In-Transport;Daylight;Clear;1;Minor arterial;Daytime;Weekday;2;1;2;2;2;2;2
2015040140;1;0;APACHE;3;2015;1;34.09679444;-109.32019167;Embankment;Dark - Not Lighted;Clear;1;Collector;Nighttime;Weekday;2;1;2;2;2;2;2
2015040143;1;3;MARICOPA;3;2015;20;33.58696944;-112.15143611;Curb;Dark - Lighted;Clear;1;Minor arterial;Nighttime;Weekday;2;2;1;2;2;2;2
2015040144;1;1;PINAL;3;2015;0;33.35302778;-111.45644722;Pedestrian;Dark - Not Lighted;Clear;1;Collector;Nighttime;Weekday;2;2;1;2;2;2;2
2015040147;1;1;PINAL;3;2015;5;33.17211667;-111.57443056;Pedestrian;Dark - Not Lighted;Cloudy;1;Minor arterial;Nighttime;Weekday;2;2;1;2;2;2;2
2015040150;2;0;MARICOPA;3;2015;20;33.34112778;-112.48720833;Motor Vehicle In-Transport;Dark - Not Lighted;Clear;1;Local;Nighttime;Weekend;2;2;2;2;2;2;2
2015040152;1;1;PINAL;3;2015;10;32.87772778;-111.75068889;Pedalcyclist;Daylight;Clear;1;Local;Daytime;Weekend;2;2;2;1;1;2;2
2015040153;1;0;MARICOPA;3;2015;17;33.31195;-112.02388889;Parked Motor Vehicle;Dusk;Clear;1;Local;Daytime;Weekend;2;2;2;2;2;2;2
2015040163;2;0;MARICOPA;3;2015;17;33.65500556;-112.0354;Motor Vehicle In-Transport;Daylight;Cloudy;1;Minor arterial;Daytime;Weekday;2;2;2;2;2;1;2
2015040164;2;0;PIMA;3;2015;21;32.09513333;-110.85795278;Motor Vehicle In-Transport;Dark - Not Lighted;Clear;1;Collector;Nighttime;Weekend;2;2;2;2;2;2;2
2015040165;2;0;PIMA;3;2015;11;32.19582778;-110.78981667;Rollover/Overturn;Daylight;Clear;1;Minor arterial;Daytime;Weekend;2;2;2;2;2;2;2
2015040167;1;0;PIMA;3;2015;20;32.22289722;-110.92670278;Curb;Dark - Not Lighted;Cloudy;1;Minor arterial;Nighttime;Weekend;2;1;2;2;2;2;2
2015040171;2;0;MARICOPA;3;2015;23;33.41493333;-111.93828056;Motor Vehicle In-Transport;Dark - Lighted;Clear;1;Minor arterial;Nighttime;Weekday;2;2;2;2;2;2;2
2015040173;1;0;MARICOPA;3;2015;2;33.34836944;-112.16909722;Traffic Sign Support;Dark - Unknown Lighting;Clear;1;Local;Nighttime;Weekend;2;1;2;2;2;2;2
2015040176;2;0;PINAL;3;2015;18;33.41511111;-111.52879167;Motor Vehicle In-Transport;Daylight;Clear;1;Minor arterial;Nighttime;Weekend;2;2;2;2;2;2;2
2015040177;1;0;PIMA;3;2015;11;32.14911111;-110.98505833;Curb;Daylight;Clear;1;Local;Daytime;Weekday;2;1;2;2;2;2;2
2015040178;1;0;PINAL;3;2015;16;32.97769167;-111.51715833;Parked Motor Vehicle;Daylight;Clear;1;Local;Daytime;Weekday;2;2;2;2;2;2;2
2015040179;1;0;MARICOPA;1;2015;14;33.38043333;-111.82597222;Fell/Jumped from Vehicle;Daylight;Clear;1;Local;Daytime;Weekday;2;1;2;2;2;2;2
2015040182;1;0;GILA;3;2015;11;33.05151111;-110.71752778;Rollover/Overturn;Daylight;Clear;1;Minor arterial;Daytime;Weekend;2;1;2;2;2;2;2
2015040185;1;0;PINAL;3;2015;23;33.197875;-111.64397778;Other Non-Collision;Dark - Not Lighted;Cloudy;1;Local;Nighttime;Weekend;2;1;2;2;2;2;2
2015040187;2;0;MARICOPA;3;2015;8;33.56750278;-112.17763056;Motor Vehicle In-Transport;Daylight;Clear;1;Minor arterial;Daytime;Weekday;2;2;2;2;2;2;2
2015040188;2;0;MARICOPA;3;2015;4;33.36276944;-112.48011667;Motor Vehicle In-Transport;Dark - Not Lighted;Clear;1;Minor arterial;Nighttime;Weekday;1;2;2;2;2;2;2
2015040189;1;0;YAVAPAI;3;2015;22;34.57850833;-112.49861944;Curb;Dark - Not Lighted;Clear;1;Minor arterial;Nighttime;Weekday;2;1;2;2;2;2;2
2015040191;1;0;APACHE;3;2015;4;36.23214444;-109.59984722;Embankment;Dark - Unknown Lighting;Not Reported;1;Collector;Nighttime;Weekend;2;2;2;2;2;2;2
2015040197;2;0;MARICOPA;3;2015;22;33.43674444;-112.09566111;Motor Vehicle In-Transport;Dark - Unknown Lighting;Unknown;1;Minor arterial;Nighttime;Weekend;2;2;2;2;2;2;2
2015040200;2;0;APACHE;3;2015;5;36.26571111;-109.60103889;Motor Vehicle In-Transport;Dark - Not Lighted;Clear;1;Collector;Nighttime;Weekend;2;2;2;2;2;2;2
2015040202;1;0;MARICOPA;3;2015;22;33.50095833;-112.25505833;Other Fixed Object;Dark - Lighted;Clear;3;Minor arterial;Nighttime;Weekend;2;1;2;2;2;2;2
2015040203;2;0;MARICOPA;3;2015;23;33.24869167;-111.66032778;Motor Vehicle In-Transport;Dark - Not Lighted;Clear;1;Minor arterial;Nighttime;Weekend;2;1;2;2;2;2;2