accident_id;vehicle;peds;county;month;year;hour;latitude;longitude;harm_ev;lgt_cond;weather;fatals;road_fc;tod;dow;large_truck;speeding;ped_f;pedal;pedal_f;distracted_driver;drowsy_driver
2015040204;1;1;MARICOPA;3;2015;13;33.39955833;-112.07095556;Non-Motorist on Personal Conveyance;Daylight;Clear;1;Collector;Daytime;Weekday;2;2;2;2;2;2;2
2015040205;2;0;MARICOPA;3;2015;1;33.65291389;-112.20304444;Motor Vehicle In-Transport;Dark - Lighted;Rain;1;Minor arterial;Nighttime;Weekday;2;1;2;2;2;2;2
2015040207;2;0;MARICOPA;3;2015;20;33.48763889;-111.78745;Motor Vehicle In-Transport;Dark - Not Lighted;Not Reported;1;Minor arterial;Nighttime;Weekend;2;1;2;2;2;2;2
2015040208;1;1;MARICOPA;3;2015;13;33.64048333;-112.15168333;Pedalcyclist;Daylight;Clear;1;Local;Daytime;Weekday;1;2;2;1;1;2;2
2015040211;2;0;PIMA;4;2015;14;32.04008611;-110.94865833;Motor Vehicle In-Transport;Daylight;Clear;1;Minor arterial;Daytime;Weekday;2;2;2;2;2;2;2
2015040212;2;1;MARICOPA;4;2015;19;33.49725278;-112.11704444;Pedestrian;Dark - Lighted;Clear;1;Minor arterial;Nighttime;Weekday;2;2;1;2;2;2;2
2015040219;2;0;MARICOPA;4;2015;14;33.25029167;-111.72067778;Motor Vehicle In-Transport;Daylight;Clear;1;Minor arterial;Daytime;Weekend;2;1;2;2;2;2;2
2015040223;1;1;MARICOPA;4;2015;19;33.47445833;-112.28991111;Pedestrian;Dark - Lighted;Clear;1;Minor arterial;Nighttime;Weekday;2;2;1;2;2;2;2
2015040225;1;1;PINAL;4;2015;13;33.45134167;-111.57351944;Pedalcyclist;Daylight;Clear;1;Collector;Daytime;Weekday;2;2;2;1;1;2;2
2015040229;1;0;YAVAPAI;4;2015;19;34.16806389;-112.14937222;Boulder;Dark - Not Lighted;Clear;1;Collector;Nighttime;Weekend;2;1;2;2;2;2;2
2015040230;1;0;MARICOPA;4;2015;21;33.26816111;-111.69481944;Curb;Dark - Lighted;Clear;2;Local;Nighttime;Weekend;2;1;2;2;2;2;2
2015040236;1;0;PIMA;4;2015;1;32.18632778;-110.83239444;Tree (Standing Only);Dark - Lighted;Clear;1;Collector;Nighttime;Weekend;2;1;2;2;2;2;2
2015040237;1;1;PIMA;4;2015;8;32.19944722;-110.99040556;Pedalcyclist;Daylight;Clear;1;Minor arterial;Daytime;Weekday;2;2;2;1;1;2;2
2015040241;1;0;PIMA;4;2015;8;32.27925278;-110.98251389;Fence;Daylight;Clear;1;Collector;Daytime;Weekday;2;2;2;2;2;2;2
2015040251;2;0;SANTA CRUZ;4;2015;3;31.614125;-110.72011944;Motor Vehicle In-Transport;Dark - Lighted;Clear;1;Collector;Nighttime;Weekday;1;2;2;2;2;2;2
2015040252;1;1;COCONINO;4;2015;20;35.20765833;-111.61346389;Pedestrian;Dark - Lighted;Clear;1;Collector;Nighttime;Weekday;2;2;1;2;2;2;2
2015040254;2;0;NAVAJO;2;2015;18;99.9999;999.9999;Motor Vehicle In-Transport;Unknown;Unknown;1;Collector;Nighttime;Weekday;2;2;2;2;2;2;2
2015040257;1;0;PIMA;4;2015;23;99.9999;999.9999;Unknown;Dark - Unknown Lighting;Unknown;1;Local;Nighttime;Weekend;2;2;2;2;2;2;2
2015040258;1;1;MARICOPA;4;2015;23;33.56159444;-112.40961944;Pedestrian;Dark - Not Lighted;Clear;1;Minor arterial;Nighttime;Weekend;2;2;1;2;2;2;2
2015040261;1;0;MARICOPA;4;2015;20;33.61975;-112.275175;Curb;Dark - Lighted;Clear;1;Collector;Nighttime;Weekday;2;1;2;2;2;2;2
2015040262;4;1;MARICOPA;4;2015;19;33.37748611;-112.17845278;Pedestrian;Dark - Not Lighted;Clear;1;Minor arterial;Nighttime;Weekday;2;2;1;2;2;2;2
2015040263;1;1;NAVAJO;4;2015;19;33.82822778;-109.97204444;Pedestrian;Dark - Unknown Lighting;Clear;1;Minor arterial;Nighttime;Weekend;2;2;1;2;2;2;2
2015040264;1;0;MARICOPA;4;2015;17;32.99950278;-112.50024722;Rollover/Overturn;Daylight;Clear;1;Collector;Daytime;Weekend;2;2;2;2;2;2;2
2015040270;2;0;MARICOPA;4;2015;16;33.42266667;-112.19539167;Motor Vehicle In-Transport;Daylight;Clear;1;Minor arterial;Daytime;Weekday;2;2;2;2;2;2;2
2015040277;2;0;PINAL;5;2015;20;33.422325;-111.55770556;Motor Vehicle In-Transport;Dark - Lighted;Clear;1;Minor arterial;Nighttime;Weekend;2;1;2;2;2;2;2
2015040280;1;0;MARICOPA;5;2015;22;33.29643889;-111.74060556;Curb;Dark - Lighted;Clear;1;Minor arterial;Nighttime;Weekday;2;2;2;2;2;2;2
2015040281;1;0;YAVAPAI;5;2015;11;34.492675;-111.70805;Rollover/Overturn;Daylight;Cloudy;1;Collector;Daytime;Weekday;2;2;2;2;2;2;2
2015040287;1;0;MARICOPA;5;2015;1;33.62005278;-111.90923611;Curb;Dark - Lighted;Clear;1;Local;Nighttime;Weekday;2;2;2;2;2;2;2
2015040291;2;0;PIMA;5;2015;9;32.177275;-111.10577222;Motor Vehicle In-Transport;Daylight;Clear;1;Collector;Daytime;Weekend;2;1;2;2;2;2;2
2015040292;2;0;SANTA CRUZ;5;2015;11;31.35632778;-110.91739167;Motor Vehicle In-Transport;Daylight;Clear;2;Minor arterial;Daytime;Weekend;1;2;2;2;2;2;2
2015040293;1;0;COCONINO;5;2015;5;36.61231111;-111.02882222;Guardrail End;Dawn;Clear;1;Collector;Nighttime;Weekend;2;2;2;2;2;2;2
2015040294;3;0;MARICOPA;5;2015;11;33.30716667;-111.68669444;Motor Vehicle In-Transport;Daylight;Clear;1;Minor arterial;Daytime;Weekday;2;2;2;2;2;2;2
2015040295;1;0;COCONINO;5;2015;13;35.0381;-111.45466667;Rollover/Overturn;Daylight;Cloudy;2;Collector;Daytime;Weekday;2;1;2;2;2;2;1
2015040296;2;0;MARICOPA;5;2015;21;33.58144167;-112.21756389;Motor Vehicle In-Transport;Dark - Lighted;Clear;1;Minor arterial;Nighttime;Weekday;2;1;2;2;2;2;2
2015040298;1;1;PIMA;5;2015;17;32.29446111;-111.025825;Pedestrian;Daylight;Not Reported;1;Minor arterial;Daytime;Weekday;1;2;1;2;2;2;2
2015040300;2;0;PINAL;5;2015;20;33.17786667;-111.58230833;Motor Vehicle In-Transport;Dark - Lighted;Clear;1;Minor arterial;Nighttime;Weekend;2;1;2;2;2;2;2
2015040302;1;0;APACHE;5;2015;6;34.31199722;-109.76990833;Fell/Jumped from Vehicle;Dark - Not Lighted;Clear;1;Collector;Daytime;Weekend;2;1;2;2;2;2;2
2015040308;1;0;PIMA;5;2015;1;32.38767222;-111.0964;Curb;Dark - Not Lighted;Clear;1;Local;Nighttime;Weekend;2;1;2;2;2;2;2
2015040309;1;0;GILA;5;2015;22;34.31778611;-111.14076667;Rollover/Overturn;Dark - Not Lighted;Cloudy;1;Collector;Nighttime;Weekend;2;1;2;2;2;2;2
2015040311;2;0;MARICOPA;5;2015;21;33.49771667;-112.20322222;Curb;Dark - Lighted;Clear;2;Minor arterial;Nighttime;Weekend;2;1;2;2;2;2;2
2015040312;1;1;PINAL;5;2015;21;33.103925;-111.90967222;Pedestrian;Dark - Not Lighted;Clear;1;Local;Nighttime;Weekday;2;2;1;2;2;2;2
2015040313;1;0;PIMA;5;2015;23;32.03236667;-111.06558056;Traffic Sign Support;Dark - Not Lighted;Clear;1;Collector;Nighttime;Weekday;2;1;2;2;2;2;2
2015040315;1;1;PIMA;5;2015;0;32.02195;-112.32351111;Pedestrian;Dark - Not Lighted;Clear;1;Collector;Nighttime;Weekend;2;2;1;2;2;2;2
2015040317;2;0;MARICOPA;5;2015;9;33.40756389;-111.71917778;Motor Vehicle In-Transport;Daylight;Clear;1;Minor arterial;Daytime;Weekday;2;2;2;2;2;1;2
2015040318;2;0;MARICOPA;5;2015;15;33.65019444;-112.38046667;Motor Vehicle In-Transport;Daylight;Clear;1;Minor arterial;Daytime;Weekday;2;1;2;2;2;2;1
2015040320;1;1;PINAL;5;2015;18;32.61724722;-110.81791389;Pedalcyclist;Daylight;Clear;1;Minor arterial;Nighttime;Weekday;2;1;2;1;1;1;1
2015040322;1;0;COCONINO;4;2015;2;99.9999;999.9999;Rollover/Overturn;Dark - Unknown Lighting;Unknown;1;Local;Nighttime;Weekday;2;2;2;2;2;2;2
2015040323;1;0;APACHE;5;2015;14;35.65754167;-109.13866944;Embankment;Daylight;Clear;1;Minor arterial;Daytime;Weekday;2;2;2;2;2;2;2
2015040324;2;1;MARICOPA;5;2015;20;33.55312778;-112.05458889;Pedestrian;Dark - Lighted;Clear;1;Minor arterial;Nighttime;Weekend;2;2;1;2;2;2;2
2015040326;1;0;MARICOPA;5;2015;3;33.59517222;-112.43504444;Rollover/Overturn;Dark - Lighted;Clear;1;Local;Nighttime;Weekday;2;1;2;2;2;2;2
2015040328;1;0;MARICOPA;5;2015;9;33.28972778;-112.798125;Ditch;Daylight;Clear;1;Collector;Daytime;Weekday;2;2;2;2;2;2;2
2015040329;1;0;MARICOPA;5;2015;15;33.65050833;-111.47467778;Boulder;Daylight;Clear;1;Local;Daytime;Weekend;2;1;2;2;2;2;2
2015040332;2;0;MARICOPA;5;2015;16;33.637675;-112.32480278;Motor Vehicle In-Transport;Daylight;Clear;1;Minor arterial;Daytime;Weekday;2;2;2;2;2;2;2
2015040337;2;0;MARICOPA;5;2015;8;33.53845;-112.15145556;Rollover/Overturn;Daylight;Unknown;1;Minor arterial;Daytime;Weekday;2;1;2;2;2;2;2
2015040338;2;0;COCONINO;5;2015;11;99.9999;999.9999;Motor Vehicle In-Transport;Daylight;Unknown;1;Collector;Daytime;Weekday;2;2;2;2;2;2;2
2015040342;1;1;MARICOPA;5;2015;22;33.520075;-112.04751111;Pedestrian;Dark - Lighted;Rain;1;Minor arterial;Nighttime;Weekend;2;2;1;2;2;2;2
2015040343;1;0;COCHISE;5;2015;4;31.35659444;-109.52842222;Curb;Dark - Lighted;Clear;1;Collector;Nighttime;Weekend;2;1;2;2;2;2;2
2015040344;3;0;MARICOPA;5;2015;11;33.52320556;-112.23406389;Motor Vehicle In-Transport;Daylight;Clear;2;Minor arterial;Daytime;Weekend;2;2;2;2;2;2;2
2015040349;1;0;NAVAJO;5;2015;0;99.9999;999.9999;Embankment;Dark - Not Lighted;Rain;1;Local;Nighttime;Weekend;2;1;2;2;2;2;2
2015040351;2;0;MARICOPA;5;2015;16;33.48778611;-112.01727778;Motor Vehicle In-Transport;Daylight;Clear;1;Collector;Daytime;Weekday;2;2;2;2;2;2;2
2015040353;1;0;APACHE;5;2015;3;99.9999;999.9999;Unknown;Dark - Unknown Lighting;Unknown;1;Collector;Nighttime;Weekend;2;2;2;2;2;2;2
2015040365;2;0;PINAL;6;2015;16;33.39336111;-111.57818056;Motor Vehicle In-Transport;Daylight;Clear;1;Minor arterial;Daytime;Weekend;2;2;2;2;2;2;2
2015040367;2;0;YAVAPAI;6;2015;17;34.58524444;-112.42440278;Rollover/Overturn;Daylight;Clear;1;Minor arterial;Daytime;Weekend;2;2;2;2;2;2;2
2015040371;1;0;YAVAPAI;6;2015;21;34.59624444;-112.32625278;Curb;Dark - Not Lighted;Clear;1;Minor arterial;Nighttime;Weekday;2;1;2;2;2;2;2
2015040376;1;0;GILA;6;2015;7;33.23910556;-110.513325;Rollover/Overturn;Daylight;Unknown;2;Collector;Daytime;Weekend;2;1;2;2;2;2;2
2015040378;1;0;COCONINO;6;2015;21;35.18970833;-110.93788333;Rollover/Overturn;Dark - Not Lighted;Clear;1;Collector;Nighttime;Weekend;2;1;2;2;2;2;2
2015040385;3;0;PIMA;6;2015;15;32.27944722;-110.95030278;Motor Vehicle In-Transport;Daylight;Clear;1;Minor arterial;Daytime;Weekday;2;2;2;2;2;2;2
2015040386;1;1;PIMA;6;2015;22;32.176575;-111.02130556;Pedestrian;Dark - Not Lighted;Clear;1;Minor arterial;Nighttime;Weekday;2;2;1;2;2;1;2
2015040388;1;0;LA PAZ;6;2015;19;33.90675278;-113.98183889;Rollover/Overturn;Dusk;Clear;1;Collector;Nighttime;Weekday;1;1;2;2;2;2;2
2015040390;1;0;GRAHAM;6;2015;6;32.81088333;-109.72306944;Rollover/Overturn;Dark - Not Lighted;Clear;1;Local;Daytime;Weekend;2;1;2;2;2;2;2
2015040391;1;0;APACHE;6;2015;12;34.20054167;-109.72441389;Unknown;Daylight;Not Reported;1;Collector;Daytime;Weekend;2;2;2;2;2;2;2
2015040394;2;0;MARICOPA;6;2015;10;33.435325;-112.35824444;Motor Vehicle In-Transport;Daylight;Clear;1;Minor arterial;Daytime;Weekday;1;2;2;2;2;2;2
2015040396;2;0;COCHISE;6;2015;11;31.55461667;-110.27760833;Motor Vehicle In-Transport;Daylight;Clear;1;Minor arterial;Daytime;Weekday;1;2;2;2;2;2;2
2015040400;1;1;MARICOPA;6;2015;0;33.53279167;-112.35817222;Pedestrian;Dark - Not Lighted;Clear;1;Minor arterial;Nighttime;Weekday;2;2;1;2;2;2;2
2015040401;1;1;MARICOPA;6;2015;1;33.74040556;-112.10725278;Pedestrian;Dark - Not Lighted;Clear;1;Minor arterial;Nighttime;Weekday;2;2;1;2;2;2;2
2015040403;2;1;MARICOPA;6;2015;22;99.9999;999.9999;Pedestrian;Dark - Unknown Lighting;Unknown;1;Minor arterial;Nighttime;Weekday;2;2;1;2;2;2;2
2015040406;1;1;MARICOPA;6;2015;13;33.48753056;-112.08097222;Pedestrian;Daylight;Unknown;1;Collector;Daytime;Weekday;2;2;1;2;2;2;2
2015040409;1;0;YAVAPAI;6;2015;21;34.08535556;-112.14263889;Embankment;Dark - Lighted;Clear;1;Local;Nighttime;Weekend;2;1;2;2;2;2;2
2015040411;1;1;MARICOPA;6;2015;20;33.45153889;-112.19935278;Pedestrian;Dark - Lighted;Clear;1;Minor arterial;Nighttime;Weekday;2;2;1;2;2;2;2
2015040412;1;1;GRAHAM;6;2015;20;99.9999;999.9999;Pedestrian;Dark - Unknown Lighting;Unknown;1;Minor arterial;Nighttime;Weekday;2;2;1;2;2;2;2
2015040413;2;0;MARICOPA;6;2015;15;33.65461944;-112.152;Motor Vehicle In-Transport;Daylight;Clear;1;Minor arterial;Daytime;Weekday;2;2;2;2;2;2;2
2015040416;1;0;APACHE;6;2015;5;36.22220556;-109.60250833;Rollover/Overturn;Dark - Unknown Lighting;Unknown;1;Collector;Nighttime;Weekday;2;2;2;2;2;2;2
2015040421;2;0;MARICOPA;6;2015;22;33.46591944;-112.19532778;Motor Vehicle In-Transport;Dark - Lighted;Clear;1;Minor arterial;Nighttime;Weekend;2;2;2;2;2;2;2
2015040422;2;0;MARICOPA;6;2015;11;33.40672222;-112.04721111;Motor Vehicle In-Transport;Daylight;Clear;2;Minor arterial;Daytime;Weekend;2;1;2;2;2;2;2
2015040446;2;0;MARICOPA;7;2015;15;33.825175;-112.25852778;Motor Vehicle In-Transport;Daylight;Clear;1;Collector;Daytime;Weekend;2;2;2;2;2;2;2
2015040447;1;0;PIMA;7;2015;1;32.22821667;-110.927375;Curb;Dark - Lighted;Clear;3;Minor arterial;Nighttime;Weekend;2;1;2;2;2;2;2
2015040449;2;0;MARICOPA;7;2015;15;33.55278611;-112.23781667;Motor Vehicle In-Transport;Daylight;Clear;1;Minor arterial;Daytime;Weekday;2;1;2;2;2;2;2
2015040457;1;0;PINAL;6;2015;13;33.00276389;-111.48816111;Rollover/Overturn;Daylight;Clear;1;Minor arterial;Daytime;Weekday;2;2;2;2;2;2;2
2015040459;1;0;APACHE;7;2015;12;35.69533611;-109.27210833;Tree (Standing Only);Daylight;Clear;1;Minor arterial;Daytime;Weekday;2;1;2;2;2;2;2
2015040461;1;0;SANTA CRUZ;7;2015;4;31.66125;-110.68770556;Culvert;Dawn;Cloudy;1;Collector;Nighttime;Weekend;2;2;2;2;2;2;2
2015040464;1;0;PIMA;7;2015;9;31.865575;-110.6887;Guardrail Face;Daylight;Clear;1;Collector;Daytime;Weekend;2;1;2;2;2;2;2
2015040465;1;0;PINAL;7;2015;19;33.19138333;-111.52843611;Ditch;Dark - Not Lighted;Clear;1;Collector;Nighttime;Weekday;2;2;2;2;2;2;2
2015040466;1;0;YAVAPAI;7;2015;4;35.355225;-112.96943889;Live Animal;Dark - Not Lighted;Clear;1;Collector;Nighttime;Weekday;2;2;2;2;2;2;2
2015040469;1;1;GRAHAM;7;2015;0;33.14054722;-110.12538056;Pedestrian;Dark - Unknown Lighting;Unknown;1;Minor arterial;Nighttime;Weekday;2;2;1;2;2;2;2
2015040470;2;0;NAVAJO;7;2015;17;34.28280278;-110.12075833;Motor Vehicle In-Transport;Daylight;Clear;1;Local;Daytime;Weekday;2;2;2;2;2;2;2
2015040471;1;1;MARICOPA;7;2015;22;99.9999;999.9999;Pedestrian;Dark - Unknown Lighting;Unknown;1;Local;Nighttime;Weekend;2;2;1;2;2;2;2
2015040474;2;0;MARICOPA;7;2015;7;33.62465;-112.01334444;Motor Vehicle In-Transport;Daylight;Clear;1;Minor arterial;Daytime;Weekday;1;2;2;2;2;2;2
2015040477;2;0;MARICOPA;7;2015;19;33.42111111;-112.81580278;Motor Vehicle In-Transport;Dusk;Cloudy;1;Local;Nighttime;Weekend;2;2;2;2;2;2;2
2015040478;1;0;APACHE;7;2015;5;36.7979;-109.64925278;Rollover/Overturn;Unknown;Unknown;1;Collector;Nighttime;Weekday;2;2;2;2;2;2;2
2015040480;1;0;MARICOPA;7;2015;7;99.9999;999.9999;Utility Pole/Light Support;Daylight;Unknown;1;Minor arterial;Daytime;Weekday;2;2;2;2;2;2;2
2015040481;1;1;MARICOPA;7;2015;21;99.9999;999.9999;Pedestrian;Dark - Unknown Lighting;Unknown;1;Minor arterial;Nighttime;Weekday;2;2;1;2;2;2;2
2015040482;1;1;MARICOPA;7;2015;6;33.69668889;-112.32259444;Pedalcyclist;Daylight;Clear;1;Local;Daytime;Weekday;2;2;2;1;1;2;2
2015040485;1;0;MARICOPA;7;2015;5;33.36310556;-112.775025;Rollover/Overturn;Dark - Lighted;Clear;1;Local;Nighttime;Weekend;2;1;2;2;2;2;2
2015040486;1;0;APACHE;7;2015;20;35.68081111;-109.35604444;Fell/Jumped from Vehicle;Dark - Unknown Lighting;Unknown;1;Local;Nighttime;Weekend;2;2;2;2;2;2;2
2015040488;2;0;MARICOPA;7;2015;12;33.49369722;-112.90238889;Rollover/Overturn;Daylight;Clear;1;Collector;Daytime;Weekday;2;1;2;2;2;2;2
2015040489;1;0;APACHE;7;2015;18;36.42489444;-109.1998;Embankment;Daylight;Rain;1;Local;Nighttime;Weekday;2;2;2;2;2;2;2
2015040490;1;1;MARICOPA;7;2015;23;99.9999;999.9999;Pedestrian;Dark - Unknown Lighting;Unknown;1;Minor arterial;Nighttime;Weekday;2;2;1;2;2;2;2
2015040491;2;0;NAVAJO;5;2015;18;33.87559167;-109.95760556;Motor Vehicle In-Transport;Daylight;Rain;1;Minor arterial;Nighttime;Weekday;2;1;2;2;2;2;2
2015040492;2;1;MARICOPA;7;2015;20;33.52330833;-112.20301667;Pedestrian;Dark - Lighted;Clear;1;Minor arterial;Nighttime;Weekday;2;2;1;2;2;2;2
2015040493;1;0;MARICOPA;5;2015;12;33.51160556;-111.91741944;Fence;Daylight;Clear;1;Collector;Daytime;Weekday;2;2;2;2;2;2;2
2015040494;1;0;NAVAJO;6;2015;5;36.53831389;-110.46191111;Rollover/Overturn;Dawn;Clear;1;Local;Nighttime;Weekday;2;2;2;2;2;2;2
2015040495;3;0;NAVAJO;7;2015;15;34.88768889;-110.14381111;Motor Vehicle In-Transport;Daylight;Cloudy;3;Minor arterial;Daytime;Weekend;2;2;2;2;2;2;2
2015040497;1;0;MARICOPA;8;2015;2;33.63768056;-112.12493611;Rollover/Overturn;Dark - Lighted;Clear;1;Local;Nighttime;Weekend;2;1;2;2;2;2;2
2015040498;2;0;MARICOPA;8;2015;9;32.9445;-112.73383889;Motor Vehicle In-Transport;Daylight;Clear;1;Minor arterial;Daytime;Weekend;2;2;2;2;2;2;2
2015040502;1;0;MARICOPA;8;2015;22;33.58933611;-112.24621111;Curb;Dark - Lighted;Clear;1;Local;Nighttime;Weekday;2;1;2;2;2;2;2
2015040503;1;1;MARICOPA;8;2015;20;33.58287222;-112.22026389;Pedestrian;Dark - Lighted;Clear;1;Minor arterial;Nighttime;Weekday;2;2;1;2;2;2;2
2015040508;1;0;GILA;8;2015;14;33.79649167;-110.49783611;Rollover/Overturn;Daylight;Clear;1;Minor arterial;Daytime;Weekend;1;1;2;2;2;2;2
2015040513;1;0;YAVAPAI;8;2015;1;34.73209444;-111.89051389;Ditch;Dark - Not Lighted;Unknown;1;Local;Nighttime;Weekday;2;1;2;2;2;2;2
2015040516;1;0;GILA;8;2015;3;33.34310278;-110.79545278;Rollover/Overturn;Dark - Not Lighted;Clear;1;Local;Nighttime;Weekend;2;2;2;2;2;2;2
2015040518;1;0;MARICOPA;8;2015;3;33.38875556;-111.69393611;Utility Pole/Light Support;Dark - Lighted;Clear;1;Local;Nighttime;Weekend;2;1;2;2;2;2;2
2015040521;2;0;MARICOPA;8;2015;9;33.62619444;-111.96904167;Motor Vehicle In-Transport;Daylight;Clear;1;Minor arterial;Daytime;Weekday;2;2;2;2;2;2;2
2015040524;1;1;MARICOPA;8;2015;21;33.56628333;-112.25489167;Pedalcyclist;Dark - Lighted;Clear;1;Minor arterial;Nighttime;Weekday;2;2;2;1;1;2;2
2015040525;2;0;COCHISE;8;2015;6;31.37999444;-110.10105833;Motor Vehicle In-Transport;Dawn;Clear;1;Collector;Daytime;Weekday;2;2;2;2;2;2;2
2015040527;2;0;PINAL;8;2015;17;32.98050833;-111.54123889;Motor Vehicle In-Transport;Daylight;Clear;1;Local;Daytime;Weekday;2;1;2;2;2;1;2
2015040528;2;0;APACHE;8;2015;18;36.32536111;-109.61895278;Motor Vehicle In-Transport;Daylight;Clear;1;Collector;Nighttime;Weekend;2;2;2;2;2;2;2
2015040529;1;0;NAVAJO;8;2015;15;36.56006944;-110.74889722;Ditch;Daylight;Cloudy;1;Collector;Daytime;Weekend;2;1;2;2;2;2;2
2015040530;1;0;PINAL;8;2015;20;33.07577778;-112.01671111;Curb;Dark - Lighted;Clear;1;Local;Nighttime;Weekend;2;1;2;2;2;2;2
2015040545;1;1;MARICOPA;8;2015;7;33.59622222;-112.19448333;Pedestrian;Daylight;Clear;1;Minor arterial;Daytime;Weekday;2;2;1;2;2;2;2
2015040546;2;0;MARICOPA;8;2015;16;33.48768056;-112.15166667;Motor Vehicle In-Transport;Daylight;Unknown;1;Minor arterial;Daytime;Weekday;2;1;2;2;2;2;2
2015040550;1;0;MARICOPA;8;2015;15;33.48510278;-112.75333889;Rollover/Overturn;Daylight;Cloudy;1;Collector;Daytime;Weekday;2;1;2;2;2;2;2
2015040551;2;0;APACHE;8;2015;14;35.68562778;-109.23845556;Motor Vehicle In-Transport;Daylight;Clear;5;Minor arterial;Daytime;Weekday;2;1;2;2;2;2;2
2015040552;2;0;NAVAJO;8;2015;18;34.37009444;-109.99098889;Motor Vehicle In-Transport;Dusk;Clear;2;Local;Nighttime;Weekend;2;1;2;2;2;2;2
2015040554;2;0;MARICOPA;8;2015;20;33.65830833;-112.09580556;Motor Vehicle In-Transport;Dark - Lighted;Clear;1;Local;Nighttime;Weekday;2;2;2;2;2;2;2
2015040556;2;0;NAVAJO;8;2015;16;99.9999;999.9999;Motor Vehicle In-Transport;Daylight;Unknown;1;Collector;Daytime;Weekday;2;2;2;2;2;2;2
2015040558;1;0;APACHE;8;2015;5;35.48035278;-109.52936111;Culvert;Dawn;Clear;1;Collector;Nighttime;Weekend;2;2;2;2;2;2;2
2015040559;1;0;MARICOPA;8;2015;5;33.74230556;-112.53149722;Other Fixed Object;Dark - Lighted;Clear;1;Local;Nighttime;Weekend;2;1;2;2;2;2;2
2015040560;1;0;MARICOPA;8;2015;5;33.38474722;-112.47826111;Fence;Dark - Not Lighted;Clear;1;Minor arterial;Nighttime;Weekend;2;2;2;2;2;2;2
2015040561;1;0;NAVAJO;8;2015;13;33.83512222;-109.96435556;Fell/Jumped from Vehicle;Daylight;Unknown;1;Local;Daytime;Weekday;2;2;2;2;2;2;2
2015040562;1;0;MARICOPA;8;2015;1;99.9999;999.9999;Utility Pole/Light Support;Dark - Unknown Lighting;Unknown;1;Minor arterial;Nighttime;Weekend;2;2;2;2;2;2;2
2015040563;1;2;APACHE;8;2015;0;99.9999;999.9999;Pedestrian;Dark - Not Lighted;Clear;1;Collector;Nighttime;Weekend;2;2;1;2;2;2;2
2015040566;1;0;PINAL;9;2015;11;33.22079167;-111.07102778;Guardrail Face;Daylight;Cloudy;1;Collector;Daytime;Weekend;2;1;2;2;2;2;2
2015040573;1;0;COCONINO;9;2015;13;34.51849722;-111.50637222;Guardrail Face;Daylight;Clear;1;Collector;Daytime;Weekend;2;1;2;2;2;1;2
2015040575;1;1;PINAL;9;2015;23;32.78725556;-111.6118;Pedestrian;Dark - Not Lighted;Cloudy;1;Minor arterial;Nighttime;Weekend;2;2;1;2;2;2;2
2015040576;1;2;PIMA;9;2015;23;32.12859722;-110.96126944;Pedestrian;Dark - Not Lighted;Clear;1;Minor arterial;Nighttime;Weekend;2;2;1;2;2;2;2
2015040577;1;1;MARICOPA;9;2015;14;33.52375556;-112.06342222;Pedestrian;Daylight;Clear;1;Minor arterial;Daytime;Weekday;2;2;1;2;2;2;2
2015040582;2;0;PIMA;9;2015;23;32.17730278;-110.82938611;Motor Vehicle In-Transport;Dark - Lighted;Cloudy;1;Minor arterial;Nighttime;Weekday;2;1;2;2;2;2;2
2015040585;1;1;PINAL;9;2015;18;33.43407778;-111.572075;Pedestrian;Dark - Not Lighted;Clear;1;Collector;Nighttime;Weekend;2;2;1;2;2;1;2
2015040590;1;0;GILA;9;2015;21;34.26726667;-111.328;Ditch;Dark - Lighted;Clear;1;Minor arterial;Nighttime;Weekend;2;1;2;2;2;2;2
2015040592;1;1;MARICOPA;9;2015;18;33.45111944;-112.1182;Pedestrian;Dusk;Clear;1;Minor arterial;Nighttime;Weekend;2;2;1;2;2;2;2
2015040593;2;0;PIMA;9;2015;18;32.22763333;-110.97816389;Motor Vehicle In-Transport;Daylight;Clear;1;Minor arterial;Nighttime;Weekday;2;2;2;2;2;2;2