accident_id;vehicle;peds;county;month;year;hour;latitude;longitude;harm_ev;lgt_cond;weather;fatals;road_fc;tod;dow;large_truck;speeding;ped_f;pedal;pedal_f;distracted_driver;drowsy_driver
2015040596;2;0;PINAL;9;2015;22;32.87949167;-111.784625;Rollover/Overturn;Dark - Lighted;Clear;1;Minor arterial;Nighttime;Weekend;1;2;2;2;2;2;2
2015040598;1;0;GILA;9;2015;15;99.9999;999.9999;Rollover/Overturn;Daylight;Unknown;2;Local;Daytime;Weekday;2;2;2;2;2;2;2
2015040599;1;1;APACHE;9;2015;20;36.73248611;-109.63265;Pedestrian;Dark - Unknown Lighting;Unknown;1;Collector;Nighttime;Weekend;2;2;1;2;2;1;2
2015040601;2;0;MARICOPA;9;2015;22;33.25806111;-111.63825833;Motor Vehicle In-Transport;Dark - Lighted;Cloudy;1;Collector;Nighttime;Weekday;2;2;2;2;2;1;2
2015040603;2;0;GILA;9;2015;15;99.9999;999.9999;Motor Vehicle In-Transport;Daylight;Unknown;2;Collector;Daytime;Weekday;2;2;2;2;2;2;2
2015040604;1;1;MARICOPA;9;2015;20;33.45131111;-112.02040556;Non-Motorist on Personal Conveyance;Dark - Lighted;Clear;1;Minor arterial;Nighttime;Weekday;2;2;2;2;2;2;2
2015040605;1;0;YAVAPAI;9;2015;11;34.457175;-112.52149167;Rollover/Overturn;Daylight;Cloudy;1;Collector;Daytime;Weekend;2;1;2;2;2;1;2
2015040606;1;1;MARICOPA;9;2015;4;99.9999;999.9999;Pedestrian;Dark - Unknown Lighting;Unknown;1;Minor arterial;Nighttime;Weekday;2;2;1;2;2;2;2
2015040614;2;2;MARICOPA;9;2015;16;33.58186111;-112.15148889;Motor Vehicle In-Transport;Daylight;Clear;1;Minor arterial;Daytime;Weekend;2;2;1;2;2;2;2
2015040617;1;1;APACHE;5;2015;23;36.17509722;-109.58848889;Pedestrian;Dark - Not Lighted;Cloudy;1;Collector;Nighttime;Weekday;2;2;1;2;2;1;2
2015040619;1;0;PIMA;9;2015;17;32.225;-110.9656;Rollover/Overturn;Daylight;Cloudy;1;Minor arterial;Daytime;Weekday;2;2;2;2;2;2;2
2015040621;2;0;GILA;9;2015;16;33.02613056;-110.731875;Motor Vehicle In-Transport;Daylight;Clear;2;Minor arterial;Daytime;Weekday;1;2;2;2;2;2;2
2015040625;1;0;LA PAZ;10;2015;6;33.88072222;-113.36293889;Tree (Standing Only);Dawn;Clear;1;Collector;Daytime;Weekend;2;1;2;2;2;2;1
2015040629;1;0;YAVAPAI;10;2015;5;34.59951111;-112.42473333;Shrubbery;Dark - Not Lighted;Clear;1;Minor arterial;Nighttime;Weekend;2;2;2;2;2;2;2
2015040631;1;1;PIMA;10;2015;13;32.24336111;-110.85833333;Curb;Daylight;Clear;1;Minor arterial;Daytime;Weekday;2;2;1;2;2;2;2
2015040632;1;0;GILA;10;2015;16;33.80390278;-110.48246389;Guardrail Face;Daylight;Clear;1;Minor arterial;Daytime;Weekday;2;2;2;2;2;2;2
2015040634;1;0;YAVAPAI;10;2015;15;34.63422222;-111.98428056;Shrubbery;Daylight;Cloudy;1;Local;Daytime;Weekday;2;1;2;2;2;2;2
2015040635;1;1;COCONINO;10;2015;6;35.184075;-111.66850556;Pedestrian;Dawn;Clear;1;Minor arterial;Daytime;Weekday;2;2;1;2;2;2;2
2015040652;1;1;NAVAJO;10;2015;18;35.02977778;-110.71183333;Pedestrian;Dark - Not Lighted;Clear;1;Minor arterial;Nighttime;Weekend;2;2;1;2;2;2;2
2015040659;1;1;APACHE;10;2015;7;36.66825833;-109.59835556;Pedestrian;Daylight;Rain;1;Collector;Daytime;Weekday;2;1;1;2;2;1;2
2015040662;2;0;MARICOPA;10;2015;9;33.49313333;-112.36253889;Motor Vehicle In-Transport;Daylight;Clear;1;Minor arterial;Daytime;Weekend;2;1;2;2;2;2;2
2015040663;2;0;APACHE;10;2015;11;35.32421667;-109.433925;Motor Vehicle In-Transport;Daylight;Clear;1;Collector;Daytime;Weekend;1;2;2;2;2;2;2
2015040667;1;0;PINAL;10;2015;2;33.15191667;-111.78078333;Rollover/Overturn;Dark - Not Lighted;Clear;1;Local;Nighttime;Weekend;2;1;2;2;2;2;2
2015040670;2;0;MARICOPA;10;2015;16;33.55705556;-112.14290833;Motor Vehicle In-Transport;Daylight;Cloudy;1;Collector;Daytime;Weekday;2;2;2;2;2;2;2
2015040673;1;0;COCONINO;11;2015;10;35.21113333;-111.60746944;Curb;Daylight;Rain;1;Collector;Daytime;Weekday;2;1;2;2;2;2;2
2015040674;2;0;COCHISE;11;2015;9;31.45831389;-109.78279722;Motor Vehicle In-Transport;Daylight;Cloudy;1;Collector;Daytime;Weekday;2;1;2;2;2;2;2
2015040678;1;0;MARICOPA;11;2015;19;33.4538;-112.48715556;Fence;Dark - Not Lighted;Clear;1;Local;Nighttime;Weekend;2;1;2;2;2;2;2
2015040680;1;0;NAVAJO;11;2015;8;36.74848056;-110.22663611;Fence;Daylight;Clear;2;Collector;Daytime;Weekend;2;2;2;2;2;2;2
2015040682;1;0;MARICOPA;11;2015;1;33.55659444;-112.22036944;Curb;Dark - Lighted;Clear;1;Minor arterial;Nighttime;Weekday;2;1;2;2;2;2;2
2015040683;2;1;MARICOPA;11;2015;6;33.30570556;-111.90293333;Pedestrian;Dark - Lighted;Cloudy;1;Local;Daytime;Weekday;2;2;1;2;2;2;2
2015040684;2;0;PINAL;11;2015;19;33.06105278;-111.6885;Motor Vehicle In-Transport;Dark - Not Lighted;Clear;1;Minor arterial;Nighttime;Weekday;2;2;2;2;2;2;2
2015040685;1;1;MARICOPA;11;2015;13;33.65243611;-112.30775;Pedestrian;Daylight;Clear;1;Minor arterial;Daytime;Weekday;2;2;1;2;2;2;2
2015040687;1;0;YAVAPAI;11;2015;16;34.64050833;-112.31507778;Rollover/Overturn;Daylight;Clear;1;Collector;Daytime;Weekend;2;2;2;2;2;2;2
2015040689;1;1;PIMA;11;2015;6;32.22811389;-110.82382222;Pedestrian;Dark - Lighted;Rain;1;Minor arterial;Daytime;Weekend;2;2;1;2;2;2;2
2015040690;1;1;MARICOPA;11;2015;17;33.56474722;-111.94346111;Pedestrian;Dusk;Rain;1;Collector;Daytime;Weekend;2;1;1;2;2;2;2
2015040693;3;0;YAVAPAI;11;2015;17;34.53054722;-112.11311944;Motor Vehicle In-Transport;Dusk;Clear;1;Minor arterial;Daytime;Weekday;2;2;2;2;2;2;2
2015040698;1;0;LA PAZ;11;2015;19;33.91348333;-113.99158056;Traffic Sign Support;Dark - Lighted;Clear;1;Local;Nighttime;Weekend;2;1;2;2;2;2;2
2015040701;1;1;LA PAZ;11;2015;18;33.77573889;-113.61035;Pedalcyclist;Dark - Not Lighted;Cloudy;1;Collector;Nighttime;Weekday;2;2;2;1;1;1;2
2015040706;1;0;MARICOPA;10;2015;13;33.64856667;-112.070075;Curb;Daylight;Clear;1;Local;Daytime;Weekend;2;2;2;2;2;2;2
2015040707;2;0;MARICOPA;11;2015;11;33.6546;-112.14755833;Motor Vehicle In-Transport;Daylight;Clear;1;Minor arterial;Daytime;Weekday;2;1;2;2;2;2;2
2015040708;4;0;MARICOPA;10;2015;18;33.59641389;-112.13263056;Motor Vehicle In-Transport;Dark - Lighted;Clear;1;Minor arterial;Nighttime;Weekday;2;1;2;2;2;1;2
2015040709;2;0;MARICOPA;10;2015;19;33.553025;-112.05659444;Motor Vehicle In-Transport;Dark - Lighted;Clear;1;Minor arterial;Nighttime;Weekend;2;2;2;2;2;2;2
2015040711;1;0;MARICOPA;10;2015;1;33.67235278;-112.22047222;Fell/Jumped from Vehicle;Dark - Lighted;Clear;1;Minor arterial;Nighttime;Weekday;2;2;2;2;2;2;2
2015040712;1;0;MARICOPA;10;2015;7;33.40681944;-112.05446111;Curb;Daylight;Cloudy;1;Minor arterial;Daytime;Weekend;2;1;2;2;2;2;2
2015040713;1;0;NAVAJO;10;2015;8;33.94049167;-109.93449167;Rollover/Overturn;Daylight;Cloudy;1;Minor arterial;Daytime;Weekday;2;2;2;2;2;2;2
2015040714;1;1;MARICOPA;10;2015;19;33.50162778;-112.15164167;Pedestrian;Dark - Lighted;Cloudy;1;Minor arterial;Nighttime;Weekday;2;2;1;2;2;2;2
2015040716;1;0;MOHAVE;10;2015;16;36.95606111;-113.55538056;Rollover/Overturn;Dusk;Clear;1;Local;Daytime;Weekday;2;2;2;2;2;2;2
2015040717;1;0;MARICOPA;10;2015;2;33.43221389;-112.20116944;Fence;Dark - Unknown Lighting;Unknown;1;Local;Nighttime;Weekday;2;2;2;2;2;2;2
2015040718;1;0;APACHE;10;2015;17;99.9999;999.9999;Rollover/Overturn;Daylight;Unknown;2;Local;Daytime;Weekday;2;2;2;2;2;2;2
2015040720;1;1;MARICOPA;10;2015;18;33.52412778;-112.10295;Pedestrian;Dark - Lighted;Clear;1;Minor arterial;Nighttime;Weekend;2;2;1;2;2;2;2
2015040723;2;0;GRAHAM;10;2015;22;33.09880556;-110.07789444;Motor Vehicle In-Transport;Dark - Unknown Lighting;Unknown;2;Minor arterial;Nighttime;Weekday;2;2;2;2;2;2;2
2015040725;1;0;YAVAPAI;10;2015;14;34.31158611;-112.10036111;Fell/Jumped from Vehicle;Daylight;Clear;1;Local;Daytime;Weekday;2;2;2;2;2;2;2
2015040732;2;0;COCHISE;11;2015;5;31.90546667;-109.76272222;Motor Vehicle In-Transport;Dark - Not Lighted;Clear;1;Collector;Nighttime;Weekend;2;2;2;2;2;2;2
2015040733;1;0;YUMA;11;2015;3;32.70846389;-113.94915278;Embankment;Dark - Not Lighted;Clear;1;Local;Nighttime;Weekend;2;1;2;2;2;2;2
2015040739;1;0;GILA;11;2015;14;33.85661389;-110.17854167;Ditch;Daylight;Cloudy;1;Collector;Daytime;Weekday;2;2;2;2;2;2;2
2015040742;1;1;APACHE;6;2015;0;36.4065;-109.60818889;Pedestrian;Dark - Not Lighted;Clear;1;Collector;Nighttime;Weekday;2;2;1;2;2;2;2
2015040743;1;0;NAVAJO;9;2015;2;35.39454722;-110.33134444;Rollover/Overturn;Dark - Unknown Lighting;Unknown;1;Collector;Nighttime;Weekend;2;2;2;2;2;2;2
2015040746;2;0;MARICOPA;11;2015;9;33.59963056;-112.27099444;Motor Vehicle In-Transport;Daylight;Cloudy;1;Minor arterial;Daytime;Weekday;2;2;2;2;2;2;2
2015040747;1;1;MARICOPA;11;2015;20;33.42286389;-112.21101389;Pedalcyclist;Dark - Not Lighted;Cloudy;1;Minor arterial;Nighttime;Weekday;2;2;2;1;1;2;2
2015040751;1;0;APACHE;11;2015;2;33.99546111;-109.12428611;Fell/Jumped from Vehicle;Dark - Not Lighted;Clear;1;Local;Nighttime;Weekday;2;2;2;2;2;2;2
2015040752;1;1;MARICOPA;11;2015;18;33.52392222;-112.15150556;Pedalcyclist;Dark - Unknown Lighting;Unknown;1;Minor arterial;Nighttime;Weekday;2;2;2;1;1;2;2
2015040756;1;0;MARICOPA;11;2015;3;33.44110278;-111.95511111;Curb;Dark - Lighted;Clear;1;Minor arterial;Nighttime;Weekday;2;1;2;2;2;2;2
2015040757;2;0;MARICOPA;11;2015;20;33.203575;-111.87040278;Motor Vehicle In-Transport;Dark - Not Lighted;Clear;5;Minor arterial;Nighttime;Weekend;2;2;2;2;2;2;2
2015040760;1;0;COCHISE;12;2015;16;31.63008333;-110.17260556;Rollover/Overturn;Dusk;Clear;2;Collector;Daytime;Weekend;2;2;2;2;2;2;2
2015040767;2;0;MARICOPA;12;2015;10;33.44731667;-111.82244444;Motor Vehicle In-Transport;Daylight;Cloudy;1;Minor arterial;Daytime;Weekend;2;2;2;2;2;2;2
2015040780;1;1;PIMA;12;2015;21;32.28676944;-110.99106111;Pedalcyclist;Dark - Not Lighted;Clear;1;Minor arterial;Nighttime;Weekday;2;2;2;1;1;2;2
2015040789;2;0;MARICOPA;11;2015;20;33.47309722;-112.01290556;Motor Vehicle In-Transport;Dark - Unknown Lighting;Unknown;1;Minor arterial;Nighttime;Weekend;2;2;2;2;2;2;2
2015040790;2;0;MARICOPA;11;2015;12;33.39216111;-112.12163889;Motor Vehicle In-Transport;Daylight;Clear;1;Minor arterial;Daytime;Weekend;2;1;2;2;2;2;2
2015040795;1;0;MARICOPA;12;2015;15;33.90560556;-112.55295;Embankment;Daylight;Clear;1;Local;Daytime;Weekday;2;1;2;2;2;2;2
2015040796;1;0;GILA;12;2015;17;99.9999;999.9999;Rollover/Overturn;Not Reported;Snow;1;Local;Daytime;Weekday;2;2;2;2;2;2;2
2015040799;1;1;MARICOPA;12;2015;18;33.30463333;-111.83870833;Pedestrian;Dark - Lighted;Clear;1;Local;Nighttime;Weekend;2;2;1;2;2;2;2
2015040801;1;1;APACHE;12;2015;18;35.40672778;-109.50833333;Pedestrian;Dark - Unknown Lighting;Unknown;1;Collector;Nighttime;Weekend;2;2;1;2;2;2;2
2015040804;1;1;MARICOPA;12;2015;3;33.82856667;-111.95512778;Pedestrian;Dark - Not Lighted;Clear;1;Collector;Nighttime;Weekend;2;2;1;2;2;1;2
2015040806;4;0;MARICOPA;12;2015;17;33.56558056;-112.29285833;Motor Vehicle In-Transport;Daylight;Clear;1;Minor arterial;Daytime;Weekday;2;2;2;2;2;2;2
2015040807;1;1;MARICOPA;12;2015;22;33.52505833;-112.20301667;Pedestrian;Dark - Lighted;Clear;1;Minor arterial;Nighttime;Weekend;2;2;1;2;2;2;2
2015040813;1;0;GILA;12;2015;12;33.47328056;-110.72316944;Embankment;Daylight;Rain;1;Minor arterial;Daytime;Weekend;2;1;2;2;2;2;2
2015040822;1;1;MARICOPA;12;2015;18;33.57122222;-112.08901389;Pedestrian;Dark - Lighted;Clear;1;Collector;Nighttime;Weekend;2;2;1;2;2;2;2
2015040823;1;0;MARICOPA;12;2015;16;33.34701944;-112.08458056;Boulder;Daylight;Unknown;1;Local;Daytime;Weekday;2;1;2;2;2;2;2
2015040825;1;0;COCONINO;12;2015;2;35.26695278;-111.70580833;Rollover/Overturn;Dark - Not Lighted;Cloudy;1;Collector;Nighttime;Weekend;2;1;2;2;2;2;2
2015040827;1;0;PIMA;12;2015;9;32.47580833;-112.87750833;Rollover/Overturn;Daylight;Clear;1;Minor arterial;Daytime;Weekday;2;2;2;2;2;2;2
2015040831;3;0;MARICOPA;12;2015;18;33.78596389;-111.9258;Motor Vehicle In-Transport;Dark - Not Lighted;Clear;1;Minor arterial;Nighttime;Weekend;2;2;2;2;2;2;2
2015040833;1;0;APACHE;6;2015;12;36.3998;-109.74735278;Ground;Daylight;Clear;1;Local;Daytime;Weekday;2;1;2;2;2;2;2
2015040834;1;0;APACHE;7;2015;12;36.32109444;-109.22598333;Rollover/Overturn;Daylight;Clear;1;Collector;Daytime;Weekday;2;1;2;2;2;2;2
2015040835;2;0;NAVAJO;5;2015;15;36.526875;-110.05033611;Motor Vehicle In-Transport;Daylight;Unknown;2;Local;Daytime;Weekend;2;2;2;2;2;2;2
2015040836;1;0;APACHE;3;2015;20;36.69681389;-109.61393611;Rollover/Overturn;Dark - Unknown Lighting;Unknown;1;Collector;Nighttime;Weekend;2;2;2;2;2;2;2
2015040838;1;0;APACHE;9;2015;19;99.9999;999.9999;Live Animal;Unknown;Unknown;1;Collector;Nighttime;Weekend;2;2;2;2;2;2;2
2015040841;1;1;APACHE;11;2015;18;99.9999;999.9999;Pedestrian;Unknown;Unknown;1;Collector;Nighttime;Weekend;2;2;1;2;2;2;2
2015040842;1;0;PINAL;11;2015;6;32.55105;-111.92887778;Rollover/Overturn;Daylight;Clear;1;Collector;Daytime;Weekend;2;2;2;2;2;2;1
2016040001;1;0;PINAL;1;2016;13;33.05111667;-111.64591389;Rollover/Overturn;Daylight;Clear;1;Local;Daytime;Weekend;2;1;2;2;2;2;2
2016040002;1;1;MARICOPA;1;2016;21;33.44373056;-112.34964722;Pedestrian;Dark - Lighted;Clear;1;Local;Nighttime;Weekend;2;2;1;2;2;2;2
2016040010;1;1;MARICOPA;1;2016;20;33.42908889;-111.87673056;Pedestrian;Dark - Lighted;Clear;1;Local;Nighttime;Weekday;2;2;1;2;2;2;2
2016040014;1;1;MARICOPA;1;2016;17;33.44439722;-111.79206389;Pedestrian;Daylight;Clear;1;Collector;Daytime;Weekday;2;2;1;2;2;2;2
2016040016;1;0;MARICOPA;1;2016;21;33.491075;-112.28660833;Fence;Dark - Lighted;Cloudy;1;Local;Nighttime;Weekend;2;1;2;2;2;2;2
2016040019;1;0;MARICOPA;1;2016;15;33.35540278;-112.44143611;Curb;Daylight;Clear;1;Collector;Daytime;Weekend;2;1;2;2;2;2;2
2016040021;1;0;APACHE;1;2016;15;36.20251389;-109.59830833;Rollover/Overturn;Daylight;Clear;1;Collector;Daytime;Weekday;2;2;2;2;2;2;2
2016040024;1;0;PIMA;1;2016;21;31.928475;-110.74936389;Rollover/Overturn;Dark - Not Lighted;Clear;1;Local;Nighttime;Weekday;2;2;2;2;2;2;2
2016040025;1;0;MARICOPA;1;2016;20;33.57991944;-112.32040278;Fence;Dark - Not Lighted;Clear;1;Local;Nighttime;Weekend;2;1;2;2;2;2;2
2016040026;1;1;MARICOPA;1;2016;19;33.587225;-111.88258889;Pedestrian;Dark - Lighted;Clear;1;Minor arterial;Nighttime;Weekend;2;2;1;2;2;2;2
2016040028;2;0;PIMA;1;2016;16;32.13338056;-111.06286111;Motor Vehicle In-Transport;Daylight;Clear;1;Minor arterial;Daytime;Weekday;2;2;2;2;2;2;2
2016040029;1;0;NAVAJO;1;2016;19;34.21860278;-110.07244722;Tree (Standing Only);Dark - Not Lighted;Snow;1;Minor arterial;Nighttime;Weekend;2;2;2;2;2;2;2
2016040031;2;0;YAVAPAI;1;2016;8;34.54588056;-112.1589;Motor Vehicle In-Transport;Daylight;Clear;1;Minor arterial;Daytime;Weekend;2;2;2;2;2;2;2
2016040033;2;0;MARICOPA;1;2016;12;33.60968056;-112.25504444;Motor Vehicle In-Transport;Daylight;Clear;1;Minor arterial;Daytime;Weekday;2;2;2;2;2;2;2
2016040038;2;0;PINAL;2;2016;6;32.96647222;-111.90112222;Motor Vehicle In-Transport;Dawn;Clear;1;Minor arterial;Daytime;Weekday;2;2;2;2;2;2;2
2016040044;2;0;YAVAPAI;2;2016;18;34.05874722;-112.81805833;Motor Vehicle In-Transport;Daylight;Clear;1;Collector;Nighttime;Weekend;2;1;2;2;2;2;2
2016040046;2;0;PIMA;2;2016;11;32.25656944;-111.06139444;Motor Vehicle In-Transport;Daylight;Clear;1;Collector;Daytime;Weekday;2;2;2;2;2;1;2
2016040048;1;1;MARICOPA;2;2016;18;33.53682222;-112.35625278;Pedestrian;Dark - Lighted;Clear;1;Minor arterial;Nighttime;Weekday;2;2;1;2;2;2;2
2016040049;1;1;MARICOPA;2;2016;21;33.45113889;-112.11914444;Pedestrian;Dark - Lighted;Clear;1;Minor arterial;Nighttime;Weekday;2;2;1;2;2;2;2
2016040050;1;0;MARICOPA;2;2016;16;33.78255;-112.251375;Wall;Daylight;Clear;1;Local;Daytime;Weekday;2;1;2;2;2;2;2
2016040051;2;0;PIMA;2;2016;18;32.12898889;-110.98189167;Motor Vehicle In-Transport;Dusk;Clear;1;Collector;Nighttime;Weekend;2;1;2;2;2;2;2
2016040052;1;0;GILA;2;2016;9;34.31499722;-111.12423333;Rollover/Overturn;Daylight;Clear;1;Collector;Daytime;Weekend;2;2;2;2;2;2;2
2016040056;1;1;MARICOPA;2;2016;20;33.56217222;-112.11696944;Pedestrian;Dark - Lighted;Clear;1;Local;Nighttime;Weekend;2;2;1;2;2;2;2
2016040062;1;1;MARICOPA;1;2016;6;33.24375;-111.82386944;Pedestrian;Dark - Lighted;Clear;1;Minor arterial;Daytime;Weekday;2;2;1;2;2;2;2
2016040063;2;0;PIMA;2;2016;11;32.28655833;-110.96995;Motor Vehicle In-Transport;Daylight;Clear;1;Minor arterial;Daytime;Weekday;2;2;2;2;2;2;2
2016040064;1;1;MARICOPA;1;2016;19;33.84916389;-112.10665833;Pedestrian;Dark - Lighted;Clear;1;Local;Nighttime;Weekend;2;2;1;2;2;2;2
2016040065;2;0;GILA;1;2016;5;33.35770833;-110.47689167;Motor Vehicle In-Transport;Dark - Not Lighted;Clear;1;Collector;Nighttime;Weekend;2;2;2;2;2;2;2
2016040066;1;0;MARICOPA;1;2016;6;33.54278056;-112.2117;Fence;Dark - Not Lighted;Cloudy;1;Local;Daytime;Weekday;2;1;2;2;2;2;2
2016040067;1;0;APACHE;1;2016;7;35.78746111;-109.89202778;Embankment;Dark - Unknown Lighting;Not Reported;1;Local;Daytime;Weekday;2;1;2;2;2;2;2
2016040068;1;1;MARICOPA;1;2016;14;33.52059722;-112.10824167;Pedestrian;Daylight;Not Reported;1;Collector;Daytime;Weekday;2;2;1;2;2;2;2
2016040069;1;1;MARICOPA;1;2016;15;33.40329722;-112.08198056;Pedalcyclist;Daylight;Not Reported;1;Minor arterial;Daytime;Weekday;2;2;2;1;1;2;2
2016040071;1;1;MARICOPA;1;2016;23;33.45863889;-112.04288889;Pedestrian;Dark - Unknown Lighting;Unknown;1;Collector;Nighttime;Weekend;2;2;1;2;2;2;2
2016040073;1;1;MARICOPA;1;2016;20;33.58191944;-112.15350556;Pedestrian;Dark - Lighted;Clear;1;Minor arterial;Nighttime;Weekend;2;2;1;2;2;2;2
2016040074;1;1;MARICOPA;1;2016;0;33.52480556;-112.11691944;Pedestrian;Dark - Unknown Lighting;Not Reported;1;Minor arterial;Nighttime;Weekend;2;2;1;2;2;2;2
2016040076;1;1;MARICOPA;1;2016;12;33.65892778;-112.36941944;Curb;Daylight;Clear;1;Collector;Daytime;Weekday;2;2;2;1;1;2;2
2016040077;1;1;MARICOPA;1;2016;10;33.26091944;-111.91077222;Pedalcyclist;Daylight;Clear;1;Collector;Daytime;Weekday;2;1;2;1;1;2;2
2016040082;1;1;PIMA;1;2016;15;32.4026;-111.01605;Pedestrian;Daylight;Clear;1;Local;Daytime;Weekday;2;2;1;2;2;2;2
2016040086;1;1;MARICOPA;1;2016;7;33.392225;-112.06812222;Pedestrian;Daylight;Not Reported;1;Minor arterial;Daytime;Weekday;2;2;1;2;2;2;2
2016040088;3;0;MARICOPA;1;2016;11;33.60350278;-112.29366944;Motor Vehicle In-Transport;Daylight;Clear;1;Local;Daytime;Weekend;2;2;2;2;2;2;2
2016040096;1;0;COCONINO;1;2016;18;99.9999;999.9999;Unknown;Unknown;Not Reported;1;Local;Nighttime;Weekend;2;2;2;2;2;2;2
2016040097;1;0;MARICOPA;2;2016;1;33.37728056;-112.22966667;Ditch;Dark - Not Lighted;Clear;2;Minor arterial;Nighttime;Weekend;2;2;2;2;2;2;2
2016040099;1;1;MARICOPA;2;2016;20;33.53457222;-112.11691389;Pedestrian;Dark - Lighted;Clear;1;Minor arterial;Nighttime;Weekday;2;2;1;2;2;2;2
2016040101;2;0;MARICOPA;3;2016;9;33.26379722;-111.70895833;Curb;Daylight;Clear;1;Minor arterial;Daytime;Weekday;2;2;2;2;2;2;2
2016040102;1;1;APACHE;3;2016;20;36.18660278;-109.59260833;Pedestrian;Dark - Not Lighted;Clear;1;Collector;Nighttime;Weekend;2;2;1;2;2;2;2
2016040104;1;0;PIMA;3;2016;23;31.99763056;-110.69769167;Tree (Standing Only);Dark - Lighted;Cloudy;1;Local;Nighttime;Weekday;2;1;2;2;2;2;2
2016040105;2;0;NAVAJO;3;2016;18;34.023;-109.90530556;Motor Vehicle In-Transport;Dusk;Cloudy;2;Minor arterial;Nighttime;Weekday;2;2;2;2;2;2;2
2016040106;1;1;PINAL;3;2016;19;33.04454444;-112.02834722;Pedestrian;Dark - Not Lighted;Clear;1;Minor arterial;Nighttime;Weekday;2;2;1;2;2;2;2
2016040109;2;0;PINAL;3;2016;15;33.17945833;-111.03959722;Rollover/Overturn;Daylight;Clear;1;Collector;Daytime;Weekend;2;1;2;2;2;2;2
2016040112;2;0;MARICOPA;3;2016;13;33.66713611;-112.23787778;Motor Vehicle In-Transport;Daylight;Clear;1;Minor arterial;Daytime;Weekend;2;2;2;2;2;2;2
2016040113;1;0;PIMA;3;2016;17;32.065;-110.95305833;Fence;Dusk;Clear;1;Local;Daytime;Weekend;2;1;2;2;2;2;2
2016040114;1;1;MARICOPA;3;2016;20;33.52073889;-112.20320833;Pedestrian;Dark - Lighted;Clear;1;Minor arterial;Nighttime;Weekend;2;2;1;2;2;2;2
2016040116;1;0;MARICOPA;3;2016;15;33.57509444;-112.07393889;Curb;Daylight;Clear;1;Local;Daytime;Weekday;2;1;2;2;2;2;2
2016040117;1;1;MARICOPA;3;2016;19;33.26415556;-111.69506944;Pedalcyclist;Dark - Lighted;Clear;1;Minor arterial;Nighttime;Weekday;2;2;2;1;1;2;2
2016040118;1;0;COCONINO;3;2016;19;34.62461944;-111.15182222;Tree (Standing Only);Dark - Not Lighted;Clear;1;Collector;Nighttime;Weekday;2;1;2;2;2;2;2
2016040119;1;0;PINAL;3;2016;6;32.646225;-111.02115;Rollover/Overturn;Dawn;Clear;1;Minor arterial;Daytime;Weekday;2;1;2;2;2;2;2
2016040123;1;0;MARICOPA;3;2016;20;33.75851111;-112.10834167;Curb;Dark - Lighted;Clear;1;Local;Nighttime;Weekday;2;1;2;2;2;2;2
2016040125;2;0;APACHE;3;2016;4;36.21508889;-109.60281944;Motor Vehicle In-Transport;Dark - Not Lighted;Clear;2;Collector;Nighttime;Weekend;2;2;2;2;2;2;2
2016040128;1;0;PINAL;3;2016;16;32.99633333;-111.61834444;Rollover/Overturn;Daylight;Clear;1;Local;Daytime;Weekday;2;1;2;2;2;1;2
2016040130;1;0;MARICOPA;3;2016;13;33.60977778;-112.11121389;Curb;Daylight;Clear;1;Local;Daytime;Weekend;2;1;2;2;2;2;2
2016040131;1;0;COCHISE;2;2016;12;32.09111667;-110.38210278;Rollover/Overturn;Daylight;Clear;1;Local;Daytime;Weekend;2;2;2;2;2;2;2
2016040132;1;0;PINAL;2;2016;4;32.95279167;-110.74493889;Live Animal;Dark - Not Lighted;Clear;1;Minor arterial;Nighttime;Weekend;2;2;2;2;2;2;2
2016040133;1;1;MARICOPA;2;2016;18;33.49467222;-112.21623333;Pedestrian;Unknown;Not Reported;1;Local;Nighttime;Weekend;2;2;1;2;2;2;2
2016040136;1;0;COCONINO;2;2016;7;35.19249444;-110.79804167;Embankment;Unknown;Unknown;1;Local;Daytime;Weekday;2;2;2;2;2;2;2
2016040137;1;1;MARICOPA;2;2016;15;33.40547222;-112.09258889;Pedestrian;Daylight;Clear;1;Local;Daytime;Weekday;2;2;1;2;2;2;2