accident_id;vehicle;peds;county;month;year;hour;latitude;longitude;harm_ev;lgt_cond;weather;fatals;road_fc;tod;dow;large_truck;speeding;ped_f;pedal;pedal_f;distracted_driver;drowsy_driver
2016040138;2;0;MARICOPA;2;2016;18;33.79916111;-112.06539444;Motor Vehicle In-Transport;Daylight;Clear;1;Minor arterial;Nighttime;Weekday;2;2;2;2;2;2;2
2016040141;1;1;MARICOPA;2;2016;21;33.52386944;-112.200575;Pedestrian;Dark - Lighted;Clear;1;Minor arterial;Nighttime;Weekend;2;2;1;2;2;2;2
2016040142;1;1;MARICOPA;2;2016;21;99.9999;999.9999;Pedestrian;Dark - Unknown Lighting;Not Reported;1;Minor arterial;Nighttime;Weekend;2;2;1;2;2;2;2
2016040143;1;0;MARICOPA;2;2016;11;33.39317222;-112.8057;Rollover/Overturn;Daylight;Clear;1;Collector;Daytime;Weekend;2;1;2;2;2;2;2
2016040144;1;0;COCHISE;2;2016;9;31.72878333;-110.06080278;Rollover/Overturn;Daylight;Not Reported;1;Local;Daytime;Weekday;2;2;2;2;2;2;2
2016040147;2;0;MARICOPA;2;2016;5;33.65496944;-112.04842222;Motor Vehicle In-Transport;Dark - Lighted;Cloudy;1;Minor arterial;Nighttime;Weekday;2;2;2;2;2;2;2
2016040149;2;0;MARICOPA;2;2016;23;33.422875;-112.21463889;Motor Vehicle In-Transport;Dark - Lighted;Clear;1;Minor arterial;Nighttime;Weekend;2;2;2;2;2;2;2
2016040151;1;0;GRAHAM;2;2016;11;33.231525;-110.23956944;Embankment;Not Reported;Not Reported;1;Minor arterial;Daytime;Weekday;2;1;2;2;2;2;2
2016040152;1;0;MARICOPA;2;2016;14;33.31415;-112.07172222;Tree (Standing Only);Daylight;Clear;1;Local;Daytime;Weekend;2;1;2;2;2;2;2
2016040153;1;0;MARICOPA;2;2016;5;33.25654444;-111.73358611;Rollover/Overturn;Dark - Not Lighted;Clear;1;Local;Nighttime;Weekend;2;1;2;2;2;2;2
2016040158;1;0;PIMA;3;2016;7;32.30765;-112.55393611;Rollover/Overturn;Daylight;Clear;1;Collector;Daytime;Weekday;2;1;2;2;2;1;2
2016040161;1;0;MARICOPA;3;2016;23;33.58041944;-112.35903611;Other Object (not fixed);Dark - Lighted;Clear;1;Minor arterial;Nighttime;Weekday;2;1;2;2;2;2;2
2016040164;2;0;PINAL;4;2016;21;33.42598333;-111.56343333;Motor Vehicle In-Transport;Dark - Lighted;Clear;1;Minor arterial;Nighttime;Weekend;2;2;2;2;2;2;2
2016040166;2;0;NAVAJO;4;2016;1;34.43805556;-110.53531667;Motor Vehicle In-Transport;Dark - Not Lighted;Clear;1;Collector;Nighttime;Weekend;1;2;2;2;2;2;2
2016040170;2;0;MARICOPA;4;2016;16;33.53845;-111.90643889;Motor Vehicle In-Transport;Daylight;Clear;1;Minor arterial;Daytime;Weekday;2;2;2;2;2;2;2
2016040171;1;0;NAVAJO;4;2016;13;35.83910556;-110.30724444;Fence;Daylight;Clear;1;Minor arterial;Daytime;Weekday;2;2;2;2;2;2;2
2016040176;2;0;MARICOPA;4;2016;9;33.27758056;-111.73168333;Motor Vehicle In-Transport;Daylight;Clear;1;Minor arterial;Daytime;Weekend;2;2;2;2;2;2;2
2016040177;1;0;MARICOPA;4;2016;18;33.83279722;-112.23683056;Rollover/Overturn;Daylight;Clear;1;Local;Nighttime;Weekend;2;1;2;2;2;2;2
2016040178;2;0;PIMA;4;2016;22;32.20331389;-110.78980833;Motor Vehicle In-Transport;Dark - Lighted;Cloudy;2;Minor arterial;Nighttime;Weekend;2;1;2;2;2;2;2
2016040182;1;0;COCHISE;4;2016;16;31.55852778;-110.26992778;Curb;Unknown;Cloudy;1;Minor arterial;Daytime;Weekday;2;1;2;2;2;2;2
2016040183;1;0;MARICOPA;4;2016;11;33.57496389;-111.86861944;Curb;Daylight;Clear;1;Local;Daytime;Weekend;2;1;2;2;2;2;2
2016040185;1;0;MARICOPA;4;2016;2;33.61158333;-111.88346667;Tree (Standing Only);Dark - Lighted;Clear;1;Collector;Nighttime;Weekday;2;1;2;2;2;2;2
2016040187;1;0;GILA;4;2016;21;34.37204167;-111.44502222;Tree (Standing Only);Dark - Not Lighted;Clear;4;Minor arterial;Nighttime;Weekday;2;1;2;2;2;2;1
2016040190;1;0;PIMA;4;2016;19;32.395375;-111.15076111;Boulder;Dusk;Clear;1;Local;Nighttime;Weekend;2;2;2;2;2;2;2
2016040194;1;0;PINAL;3;2016;10;33.05856389;-110.90379444;Curb;Daylight;Clear;1;Collector;Daytime;Weekend;2;2;2;2;2;2;2
2016040198;1;0;PIMA;3;2016;10;31.95583611;-111.62689444;Rollover/Overturn;Unknown;Unknown;1;Collector;Daytime;Weekday;2;2;2;2;2;2;2
2016040199;1;5;PIMA;3;2016;12;32.36644722;-110.99584444;Pedalcyclist;Daylight;Clear;2;Minor arterial;Daytime;Weekday;2;2;2;1;1;2;2
2016040202;1;1;NAVAJO;3;2016;19;33.85622222;-109.96424722;Pedestrian;Unknown;Not Reported;1;Minor arterial;Nighttime;Weekend;2;2;1;2;2;2;2
2016040204;2;0;MARICOPA;3;2016;5;33.43023333;-112.86778889;Motor Vehicle In-Transport;Dark - Not Lighted;Clear;1;Local;Nighttime;Weekend;2;2;2;2;2;1;2
2016040205;1;1;MARICOPA;3;2016;16;33.56750278;-112.19053056;Non-Motorist on Personal Conveyance;Daylight;Clear;1;Minor arterial;Daytime;Weekday;2;2;2;2;2;2;2
2016040208;2;0;MARICOPA;3;2016;6;33.32295;-112.48706111;Motor Vehicle In-Transport;Daylight;Clear;1;Local;Daytime;Weekday;1;2;2;2;2;2;2
2016040209;1;1;MARICOPA;3;2016;11;33.62439722;-112.28819167;Pedalcyclist;Daylight;Clear;1;Minor arterial;Daytime;Weekday;2;2;2;1;1;2;2
2016040211;1;0;MARICOPA;4;2016;22;33.52366389;-112.21219722;Curb;Dark - Lighted;Cloudy;1;Minor arterial;Nighttime;Weekend;2;1;2;2;2;2;2
2016040213;2;0;GILA;4;2016;12;33.81352222;-110.46355833;Motor Vehicle In-Transport;Daylight;Cloudy;1;Minor arterial;Daytime;Weekend;2;1;2;2;2;2;2
2016040214;1;0;PINAL;3;2016;20;33.26918333;-111.19465833;Shrubbery;Dark - Unknown Lighting;Clear;1;Local;Nighttime;Weekday;2;2;2;2;2;2;2
2016040216;1;1;MARICOPA;3;2016;0;33.39331667;-111.58281111;Pedestrian;Dark - Not Lighted;Clear;1;Minor arterial;Nighttime;Weekday;2;2;1;2;2;2;2
2016040218;2;0;MARICOPA;3;2016;2;33.572725;-112.15165556;Motor Vehicle In-Transport;Dark - Lighted;Clear;1;Minor arterial;Nighttime;Weekday;2;1;2;2;2;2;2
2016040224;2;0;MARICOPA;3;2016;11;33.39305;-112.03439444;Motor Vehicle In-Transport;Daylight;Clear;1;Minor arterial;Daytime;Weekday;2;2;2;2;2;2;2
2016040225;1;1;MARICOPA;3;2016;20;33.46809444;-112.15176667;Pedestrian;Dark - Unknown Lighting;Unknown;1;Minor arterial;Nighttime;Weekend;2;2;1;2;2;2;2
2016040227;1;1;MARICOPA;3;2016;21;99.9999;999.9999;Pedestrian;Dark - Unknown Lighting;Not Reported;1;Minor arterial;Nighttime;Weekday;2;2;1;2;2;2;2
2016040228;1;1;MARICOPA;3;2016;0;99.9999;999.9999;Pedestrian;Dark - Unknown Lighting;Not Reported;1;Minor arterial;Nighttime;Weekday;2;2;1;2;2;2;2
2016040234;1;1;PIMA;4;2016;8;32.41902222;-110.96125;Curb;Daylight;Clear;1;Minor arterial;Daytime;Weekday;2;1;1;2;2;2;2
2016040236;2;0;MARICOPA;4;2016;17;33.86492778;-112.63161389;Motor Vehicle In-Transport;Daylight;Clear;1;Collector;Daytime;Weekday;2;2;2;2;2;2;2
2016040237;2;0;PINAL;4;2016;8;32.87952222;-111.51519167;Motor Vehicle In-Transport;Daylight;Clear;1;Minor arterial;Daytime;Weekday;2;2;2;2;2;2;2
2016040239;1;0;MARICOPA;1;2016;16;99.9999;999.9999;Fell/Jumped from Vehicle;Daylight;Not Reported;1;Local;Daytime;Weekday;2;2;2;2;2;2;2
2016040241;2;0;MARICOPA;4;2016;17;33.83208889;-111.94326944;Motor Vehicle In-Transport;Dusk;Clear;1;Collector;Daytime;Weekend;2;2;2;2;2;2;2
2016040242;1;0;MARICOPA;4;2016;17;33.20474444;-111.84699167;Other Object (not fixed);Dusk;Clear;1;Local;Daytime;Weekday;2;2;2;2;2;2;2
2016040244;1;1;COCONINO;4;2016;19;36.91773889;-111.45848611;Pedestrian;Dark - Lighted;Clear;1;Minor arterial;Nighttime;Weekend;2;2;1;2;2;2;2
2016040245;1;1;PINAL;4;2016;21;32.66218611;-111.41236667;Pedestrian;Dark - Not Lighted;Clear;1;Local;Nighttime;Weekend;2;2;1;2;2;2;2
2016040246;1;0;YAVAPAI;4;2016;6;34.80623333;-112.26894444;Rollover/Overturn;Daylight;Clear;1;Collector;Daytime;Weekend;2;1;2;2;2;1;2
2016040248;1;1;999;4;2016;12;99.9999;999.9999;Pedalcyclist;Unknown;Not Reported;1;Unknown;Daytime;Weekday;2;2;2;1;1;2;2
2016040249;1;0;NAVAJO;4;2016;6;33.85236389;-109.96578611;Other Object (not fixed);Dawn;Clear;1;Local;Daytime;Weekend;2;1;2;2;2;2;2
2016040250;3;0;MARICOPA;4;2016;16;33.62373889;-112.35597222;Motor Vehicle In-Transport;Daylight;Clear;1;Minor arterial;Daytime;Weekend;2;1;2;2;2;2;2
2016040253;1;0;PINAL;4;2016;10;33.05205;-111.70596389;Rollover/Overturn;Daylight;Clear;2;Collector;Daytime;Weekday;2;2;2;2;2;2;2
2016040255;1;0;MARICOPA;4;2016;13;33.90185278;-112.080825;Embankment;Daylight;Clear;1;Collector;Daytime;Weekday;2;2;2;2;2;2;2
2016040256;1;0;APACHE;4;2016;21;99.9999;999.9999;Rollover/Overturn;Dark - Unknown Lighting;Not Reported;1;Local;Nighttime;Weekend;2;2;2;2;2;2;2
2016040257;1;1;PINAL;4;2016;18;32.89316389;-111.74426389;Pedalcyclist;Daylight;Clear;1;Local;Nighttime;Weekend;2;1;2;1;1;2;2
2016040258;2;0;MARICOPA;4;2016;19;33.6056;-112.28955;Motor Vehicle In-Transport;Dark - Lighted;Clear;1;Minor arterial;Nighttime;Weekday;2;1;2;2;2;2;2
2016040259;1;0;PINAL;4;2016;0;32.98850556;-111.57591111;Rollover/Overturn;Dark - Not Lighted;Clear;1;Local;Nighttime;Weekday;2;1;2;2;2;2;2
2016040261;2;0;MARICOPA;4;2016;20;99.9999;999.9999;Rollover/Overturn;Dark - Unknown Lighting;Not Reported;1;Minor arterial;Nighttime;Weekend;2;2;2;2;2;2;2
2016040263;1;0;MARICOPA;4;2016;16;33.36704722;-112.75069444;Embankment;Daylight;Clear;1;Collector;Daytime;Weekday;2;2;2;2;2;2;2
2016040267;1;1;MARICOPA;4;2016;3;99.9999;999.9999;Pedalcyclist;Dark - Unknown Lighting;Not Reported;1;Minor arterial;Nighttime;Weekend;2;2;2;1;1;2;2
2016040268;3;0;MARICOPA;4;2016;17;33.57136667;-112.06321111;Motor Vehicle In-Transport;Daylight;Clear;1;Collector;Daytime;Weekend;2;1;2;2;2;2;2
2016040269;2;0;MARICOPA;4;2016;18;33.55316944;-112.10144444;Motor Vehicle In-Transport;Unknown;Not Reported;1;Minor arterial;Nighttime;Weekday;2;2;2;2;2;2;2
2016040270;1;1;MARICOPA;4;2016;2;99.9999;999.9999;Pedestrian;Dark - Unknown Lighting;Not Reported;1;Minor arterial;Nighttime;Weekday;2;2;1;2;2;2;2
2016040271;1;1;MARICOPA;4;2016;20;99.9999;999.9999;Pedestrian;Dark - Unknown Lighting;Not Reported;1;Minor arterial;Nighttime;Weekday;2;2;1;2;2;2;2
2016040273;2;0;MARICOPA;4;2016;15;33.62518611;-112.15950833;Motor Vehicle In-Transport;Daylight;Not Reported;1;Minor arterial;Daytime;Weekday;2;2;2;2;2;2;2
2016040280;1;0;MARICOPA;4;2016;6;33.72662778;-111.96951389;Rollover/Overturn;Dawn;Clear;2;Local;Daytime;Weekend;2;1;2;2;2;2;2
2016040284;1;0;COCONINO;5;2016;6;35.63331667;-112.12013333;Rollover/Overturn;Daylight;Clear;1;Collector;Daytime;Weekday;2;2;2;2;2;2;2
2016040290;1;0;APACHE;5;2016;5;34.50641389;-109.47805;Guardrail End;Daylight;Clear;1;Collector;Nighttime;Weekend;2;1;2;2;2;2;2
2016040295;1;0;MOHAVE;5;2016;8;35.13543056;-113.7252;Ditch;Dark - Not Lighted;Clear;1;Local;Daytime;Weekday;2;1;2;2;2;2;2
2016040297;1;0;MARICOPA;5;2016;6;33.83841111;-112.48168333;Rollover/Overturn;Dawn;Clear;1;Collector;Daytime;Weekend;2;1;2;2;2;2;1
2016040298;1;0;PINAL;5;2016;3;32.87519722;-111.87761389;Rollover/Overturn;Dark - Not Lighted;Clear;1;Local;Nighttime;Weekend;1;2;2;2;2;1;2
2016040299;1;1;PIMA;5;2016;17;32.10586389;-110.78628333;Non-Motorist on Personal Conveyance;Daylight;Clear;1;Local;Daytime;Weekday;2;1;2;2;2;2;2
2016040310;1;0;YAVAPAI;5;2016;17;34.88333889;-111.97875;Rollover/Overturn;Daylight;Clear;1;Local;Daytime;Weekend;2;1;2;2;2;2;2
2016040312;2;0;PIMA;5;2016;17;32.00391389;-110.68973333;Motor Vehicle In-Transport;Daylight;Clear;1;Collector;Daytime;Weekday;2;2;2;2;2;2;2
2016040313;1;0;GREENLEE;5;2016;18;32.72934722;-109.093725;Traffic Sign Support;Daylight;Clear;1;Collector;Nighttime;Weekday;2;1;2;2;2;2;2
2016040320;2;0;PIMA;5;2016;19;31.85216111;-110.98778056;Motor Vehicle In-Transport;Dusk;Clear;1;Minor arterial;Nighttime;Weekday;2;1;2;2;2;2;2
2016040321;2;0;GRAHAM;5;2016;3;32.98449444;-109.933475;Motor Vehicle In-Transport;Dark - Not Lighted;Clear;1;Minor arterial;Nighttime;Weekend;1;2;2;2;2;2;2
2016040322;2;0;YAVAPAI;5;2016;14;35.32811111;-112.88224444;Motor Vehicle In-Transport;Daylight;Clear;2;Collector;Daytime;Weekday;2;1;2;2;2;2;2
2016040324;2;0;MARICOPA;5;2016;20;33.42237778;-111.63266389;Motor Vehicle In-Transport;Dark - Lighted;Clear;1;Minor arterial;Nighttime;Weekday;2;1;2;2;2;2;2
2016040325;1;0;MARICOPA;5;2016;19;99.9999;999.9999;Parked Motor Vehicle;Unknown;Not Reported;1;Local;Nighttime;Weekend;2;2;2;2;2;2;2
2016040328;1;0;MARICOPA;5;2016;5;33.68307222;-112.32518333;Rollover/Overturn;Daylight;Clear;1;Local;Nighttime;Weekend;2;1;2;2;2;2;2
2016040329;1;0;MARICOPA;5;2016;6;33.84188611;-112.12996944;Rollover/Overturn;Daylight;Clear;1;Local;Daytime;Weekend;2;1;2;2;2;2;2
2016040330;2;0;PINAL;5;2016;19;33.1213;-111.73769722;Motor Vehicle In-Transport;Daylight;Clear;1;Minor arterial;Nighttime;Weekday;2;1;2;2;2;2;2
2016040331;2;0;MARICOPA;5;2016;12;33.44794722;-112.91643611;Motor Vehicle In-Transport;Daylight;Clear;1;Collector;Daytime;Weekday;2;1;2;2;2;1;2
2016040332;1;0;PINAL;5;2016;8;33.132175;-111.92860556;Rollover/Overturn;Daylight;Clear;1;Collector;Daytime;Weekend;2;2;2;2;2;2;2
2016040333;1;0;NAVAJO;5;2016;20;99.9999;999.9999;Unknown;Dark - Unknown Lighting;Not Reported;1;Local;Nighttime;Weekend;2;2;2;2;2;2;2
2016040335;2;0;PINAL;5;2016;18;32.94823056;-112.08286389;Motor Vehicle In-Transport;Daylight;Clear;2;Local;Nighttime;Weekday;2;1;2;2;2;2;2
2016040336;1;0;MARICOPA;5;2016;15;33.62094444;-111.69870833;Boulder;Daylight;Clear;1;Collector;Daytime;Weekday;2;1;2;2;2;2;2
2016040342;1;1;MARICOPA;5;2016;5;33.46594722;-112.14291111;Pedestrian;Dark - Lighted;Clear;1;Minor arterial;Nighttime;Weekend;2;2;1;2;2;2;2
2016040344;1;1;MARICOPA;5;2016;2;99.9999;999.9999;Pedestrian;Dark - Unknown Lighting;Not Reported;1;Minor arterial;Nighttime;Weekend;2;2;1;2;2;2;2
2016040345;1;1;MARICOPA;5;2016;3;99.9999;999.9999;Pedestrian;Dark - Unknown Lighting;Not Reported;1;Minor arterial;Nighttime;Weekday;2;2;1;2;2;2;2
2016040347;1;0;MARICOPA;5;2016;1;33.46605556;-112.14119722;Fire Hydrant;Dark - Lighted;Clear;1;Minor arterial;Nighttime;Weekday;2;1;2;2;2;2;2
2016040353;1;1;PIMA;6;2016;20;32.27224167;-110.94133611;Pedestrian;Dark - Not Lighted;Clear;1;Minor arterial;Nighttime;Weekend;2;2;1;2;2;2;2
2016040356;1;1;MARICOPA;6;2016;5;33.25126111;-111.72070833;Pedalcyclist;Daylight;Clear;1;Minor arterial;Nighttime;Weekday;2;2;2;1;1;2;2
2016040362;2;0;YAVAPAI;6;2016;8;34.539175;-112.14767222;Motor Vehicle In-Transport;Daylight;Clear;1;Minor arterial;Daytime;Weekend;1;2;2;2;2;2;2
2016040364;2;0;NAVAJO;6;2016;10;36.98069444;-110.18342778;Motor Vehicle In-Transport;Daylight;Clear;2;Collector;Daytime;Weekday;2;2;2;2;2;2;2
2016040367;3;0;YAVAPAI;6;2016;15;34.58646944;-112.34078056;Motor Vehicle In-Transport;Daylight;Clear;1;Minor arterial;Daytime;Weekday;2;2;2;2;2;2;2
2016040368;1;1;PIMA;6;2016;20;32.153;-110.919075;Pedestrian;Dark - Not Lighted;Clear;1;Collector;Nighttime;Weekday;2;2;1;2;2;2;2
2016040369;2;0;PIMA;6;2016;21;32.45116389;-111.30427222;Motor Vehicle In-Transport;Daylight;Clear;1;Collector;Nighttime;Weekday;2;2;2;2;2;2;2
2016040375;2;0;PIMA;6;2016;8;32.09025556;-110.95406389;Motor Vehicle In-Transport;Daylight;Clear;2;Local;Daytime;Weekend;2;2;2;2;2;2;2
2016040376;1;0;COCONINO;6;2016;20;34.89887222;-111.73181944;Embankment;Dark - Not Lighted;Clear;1;Minor arterial;Nighttime;Weekday;2;1;2;2;2;2;2
2016040379;3;0;PIMA;6;2016;20;32.19914167;-110.78980833;Motor Vehicle In-Transport;Dark - Lighted;Cloudy;1;Minor arterial;Nighttime;Weekend;2;1;2;2;2;2;2
2016040381;4;0;COCONINO;6;2016;10;36.61229444;-111.07258611;Rollover/Overturn;Daylight;Clear;2;Collector;Daytime;Weekday;1;2;2;2;2;2;2
2016040382;1;0;PIMA;7;2016;6;32.24628333;-111.17873056;Embankment;Daylight;Clear;1;Collector;Daytime;Weekday;2;1;2;2;2;2;2
2016040389;1;1;MARICOPA;6;2016;20;33.40781667;-111.64801389;Pedestrian;Dark - Lighted;Clear;1;Minor arterial;Nighttime;Weekday;2;2;1;2;2;2;2
2016040391;1;0;PIMA;6;2016;17;32.01000833;-110.69390278;Fence;Daylight;Clear;1;Collector;Daytime;Weekend;2;2;2;2;2;2;2
2016040403;1;0;GILA;6;2016;17;33.36423056;-110.60918889;Traffic Sign Support;Daylight;Rain;1;Collector;Daytime;Weekday;2;1;2;2;2;1;2
2016040404;1;1;MARICOPA;6;2016;9;33.46599722;-112.12571389;Pedestrian;Daylight;Clear;1;Minor arterial;Daytime;Weekday;2;1;1;2;2;2;2
2016040405;1;0;NAVAJO;6;2016;18;99.9999;999.9999;Rollover/Overturn;Daylight;Clear;1;Local;Nighttime;Weekend;2;1;2;2;2;1;2
2016040406;1;1;MARICOPA;6;2016;20;33.54198889;-112.11699444;Pedestrian;Dark - Lighted;Clear;1;Minor arterial;Nighttime;Weekday;2;2;1;2;2;2;2
2016040408;2;0;MARICOPA;6;2016;15;32.9442;-112.73504167;Motor Vehicle In-Transport;Daylight;Clear;2;Minor arterial;Daytime;Weekday;2;1;2;2;2;2;2
2016040409;1;1;MARICOPA;6;2016;0;33.45865833;-112.03771944;Pedalcyclist;Dark - Lighted;Clear;1;Collector;Nighttime;Weekend;2;2;2;1;1;2;2
2016040410;1;0;MARICOPA;6;2016;2;33.5531;-112.14317778;Fence;Dark - Unknown Lighting;Not Reported;1;Minor arterial;Nighttime;Weekend;2;2;2;2;2;2;2
2016040413;2;0;MARICOPA;6;2016;8;33.5024;-112.18633611;Rollover/Overturn;Daylight;Not Reported;1;Minor arterial;Daytime;Weekday;2;1;2;2;2;2;2
2016040416;1;0;MARICOPA;6;2016;1;33.47019444;-112.15175556;Fell/Jumped from Vehicle;Dark - Unknown Lighting;Not Reported;1;Minor arterial;Nighttime;Weekend;2;2;2;2;2;2;2
2016040418;1;0;MARICOPA;6;2016;0;33.917925;-111.73066389;Embankment;Dark - Not Lighted;Clear;1;Local;Nighttime;Weekend;2;1;2;2;2;2;2
2016040419;3;0;MARICOPA;6;2016;16;33.58194722;-112.187825;Motor Vehicle In-Transport;Daylight;Clear;1;Minor arterial;Daytime;Weekday;2;2;2;2;2;2;2
2016040422;1;1;MARICOPA;6;2016;21;99.9999;999.9999;Pedestrian;Dark - Unknown Lighting;Not Reported;1;Minor arterial;Nighttime;Weekend;2;2;1;2;2;2;2
2016040425;1;0;MARICOPA;6;2016;11;32.99687778;-112.42608056;Embankment;Daylight;Clear;1;Collector;Daytime;Weekday;1;1;2;2;2;2;2
2016040426;2;0;MARICOPA;6;2016;17;33.55524444;-112.04464722;Motor Vehicle In-Transport;Daylight;Not Reported;1;Minor arterial;Daytime;Weekday;2;2;2;2;2;2;2
2016040427;2;0;MARICOPA;6;2016;19;33.39222222;-112.08837222;Motor Vehicle In-Transport;Dark - Lighted;Clear;1;Minor arterial;Nighttime;Weekday;2;2;2;2;2;2;2
2016040430;1;0;NAVAJO;7;2016;15;35.05056944;-110.59714444;Rollover/Overturn;Daylight;Clear;1;Collector;Daytime;Weekend;2;2;2;2;2;2;2
2016040431;1;0;PIMA;7;2016;16;32.19765;-110.99851389;Fell/Jumped from Vehicle;Daylight;Cloudy;1;Local;Daytime;Weekday;2;2;2;2;2;2;2
2016040437;1;1;PIMA;7;2016;7;32.26486944;-110.95238611;Pedalcyclist;Daylight;Clear;1;Minor arterial;Daytime;Weekday;2;2;2;1;1;2;2
2016040443;1;0;COCONINO;7;2016;19;35.21834722;-111.61329722;Curb;Daylight;Clear;1;Collector;Nighttime;Weekday;2;1;2;2;2;2;2
2016040450;1;0;MARICOPA;7;2016;8;33.43101667;-111.96474167;Rollover/Overturn;Daylight;Cloudy;1;Local;Daytime;Weekday;2;1;2;2;2;2;2
2016040453;2;0;GILA;7;2016;11;33.57045833;-110.66335833;Motor Vehicle In-Transport;Daylight;Cloudy;1;Minor arterial;Daytime;Weekday;2;1;2;2;2;2;2
2016040460;2;0;MARICOPA;7;2016;15;33.43703056;-111.82265278;Motor Vehicle In-Transport;Daylight;Cloudy;1;Minor arterial;Daytime;Weekday;2;2;2;2;2;2;2
2016040463;1;0;PINAL;7;2016;6;32.98082778;-111.50656389;Embankment;Daylight;Clear;1;Local;Daytime;Weekday;2;2;2;2;2;2;2
2016040467;1;0;APACHE;2;2016;0;35.66908056;-109.16520833;Unknown;Dark - Unknown Lighting;Not Reported;1;Minor arterial;Nighttime;Weekday;2;2;2;2;2;2;2
2016040468;1;0;PINAL;3;2016;20;32.86993611;-111.75737778;Fell/Jumped from Vehicle;Dark - Unknown Lighting;Unknown;1;Minor arterial;Nighttime;Weekend;2;2;2;2;2;2;2
2016040478;1;1;YAVAPAI;7;2016;13;35.22384722;-112.48581667;Pedestrian;Daylight;Cloudy;1;Local;Daytime;Weekend;2;2;1;2;2;2;2
2016040479;1;0;PIMA;7;2016;21;32.00024444;-111.98545556;Rollover/Overturn;Dark - Not Lighted;Clear;1;Minor arterial;Nighttime;Weekend;2;1;2;2;2;2;2
2016040480;1;0;MARICOPA;7;2016;2;33.46479722;-112.49606944;Boulder;Dark - Not Lighted;Clear;1;Collector;Nighttime;Weekend;2;1;2;2;2;2;2
2016040481;2;0;NAVAJO;7;2016;19;99.9999;999.9999;Motor Vehicle In-Transport;Unknown;Unknown;2;Collector;Nighttime;Weekend;2;2;2;2;2;2;2
2016040484;1;0;APACHE;7;2016;14;35.064075;-109.2824;Rollover/Overturn;Daylight;Not Reported;1;Collector;Daytime;Weekend;2;2;2;2;2;2;2
2016040485;2;0;MARICOPA;7;2016;17;33.43572778;-112.47879167;Motor Vehicle In-Transport;Daylight;Cloudy;1;Minor arterial;Daytime;Weekend;2;1;2;2;2;1;2
2016040489;1;1;MARICOPA;8;2016;21;33.40933333;-111.63706389;Pedestrian;Dark - Lighted;Cloudy;1;Local;Nighttime;Weekday;2;2;1;2;2;2;2
2016040491;3;0;APACHE;8;2016;13;36.32973056;-109.62145833;Motor Vehicle In-Transport;Daylight;Cloudy;2;Collector;Daytime;Weekday;2;1;2;2;2;2;2
2016040493;2;0;MARICOPA;8;2016;13;33.46587222;-112.10570556;Motor Vehicle In-Transport;Daylight;Clear;1;Minor arterial;Daytime;Weekend;2;2;2;2;2;2;2
2016040498;1;1;NAVAJO;8;2016;0;33.90950556;-109.94344722;Pedestrian;Dark - Not Lighted;Cloudy;1;Minor arterial;Nighttime;Weekday;2;2;1;2;2;2;2
2016040499;2;0;MARICOPA;8;2016;10;33.691525;-111.92498889;Curb;Daylight;Clear;1;Local;Daytime;Weekday;2;1;2;2;2;2;2
2016040502;1;0;MOHAVE;8;2016;13;35.25326667;-113.97638889;Fence;Daylight;Clear;1;Minor arterial;Daytime;Weekend;2;2;2;2;2;2;2
2016040507;1;0;COCONINO;8;2016;4;35.56585278;-111.91425556;Rollover/Overturn;Dark - Not Lighted;Cloudy;1;Collector;Nighttime;Weekend;2;1;2;2;2;2;1
2016040518;1;1;MARICOPA;7;2016;20;33.55306389;-112.10975;Pedestrian;Unknown;Not Reported;1;Minor arterial;Nighttime;Weekend;2;2;1;2;2;2;2
2016040521;2;0;MARICOPA;7;2016;20;99.9999;999.9999;Motor Vehicle In-Transport;Dark - Unknown Lighting;Not Reported;1;Minor arterial;Nighttime;Weekend;2;1;2;2;2;2;2