accident_id;vehicle;peds;county;month;year;hour;latitude;longitude;harm_ev;lgt_cond;weather;fatals;road_fc;tod;dow;large_truck;speeding;ped_f;pedal;pedal_f;distracted_driver;drowsy_driver
2016040528;2;0;NAVAJO;8;2016;8;99.9999;999.9999;Motor Vehicle In-Transport;Daylight;Clear;1;Collector;Daytime;Weekday;1;2;2;2;2;2;2
2016040533;1;1;GILA;8;2016;19;33.79127222;-110.03162778;Pedestrian;Dark - Not Lighted;Clear;1;Collector;Nighttime;Weekday;2;2;1;2;2;2;2
2016040534;1;0;APACHE;1;2016;20;35.75955;-109.06401389;Rollover/Overturn;Dark - Unknown Lighting;Not Reported;1;Collector;Nighttime;Weekday;2;2;2;2;2;2;2
2016040538;1;0;COCONINO;7;2016;0;36.65584444;-111.43784167;Rollover/Overturn;Dark - Unknown Lighting;Cloudy;1;Local;Nighttime;Weekday;2;2;2;2;2;2;2
2016040539;1;0;COCONINO;7;2016;14;34.44590278;-111.39188056;Fell/Jumped from Vehicle;Daylight;Clear;1;Local;Daytime;Weekend;2;2;2;2;2;2;2
2016040543;1;1;MARICOPA;7;2016;20;33.43725833;-112.15188333;Pedestrian;Dark - Unknown Lighting;Not Reported;1;Minor arterial;Nighttime;Weekday;2;2;1;2;2;2;2
2016040548;1;0;COCONINO;7;2016;16;34.41997778;-110.77523889;Boulder;Daylight;Rain;1;Local;Daytime;Weekday;2;1;2;2;2;2;2
2016040550;1;0;PIMA;8;2016;2;32.46778333;-112.26010833;Rollover/Overturn;Dark - Not Lighted;Clear;1;Local;Nighttime;Weekend;2;1;2;2;2;2;2
2016040551;2;0;PINAL;7;2016;3;32.87953611;-111.51518333;Motor Vehicle In-Transport;Dark - Not Lighted;Clear;1;Minor arterial;Nighttime;Weekday;1;2;2;2;2;2;2
2016040552;2;0;MARICOPA;9;2016;14;33.60893889;-112.32700556;Motor Vehicle In-Transport;Daylight;Clear;1;Minor arterial;Daytime;Weekday;2;2;2;2;2;2;2
2016040554;1;0;GRAHAM;9;2016;0;32.795125;-109.70773889;Curb;Dark - Lighted;Clear;1;Minor arterial;Nighttime;Weekend;2;1;2;2;2;2;2
2016040556;1;1;COCHISE;9;2016;4;32.05280833;-109.88743333;Pedestrian;Dark - Not Lighted;Rain;1;Collector;Nighttime;Weekday;1;2;1;2;2;2;2
2016040559;1;0;APACHE;9;2016;1;35.01614167;-109.05538333;Rollover/Overturn;Dark - Not Lighted;Clear;1;Collector;Nighttime;Weekend;2;1;2;2;2;2;2
2016040561;2;0;MARICOPA;9;2016;23;33.609575;-112.39387778;Motor Vehicle In-Transport;Dark - Lighted;Clear;1;Minor arterial;Nighttime;Weekday;2;1;2;2;2;1;2
2016040562;4;0;MARICOPA;9;2016;8;33.58028889;-112.35913611;Motor Vehicle In-Transport;Daylight;Clear;1;Minor arterial;Daytime;Weekday;2;2;2;2;2;2;2
2016040563;3;0;PIMA;9;2016;7;32.26486944;-110.93575833;Motor Vehicle In-Transport;Daylight;Clear;1;Minor arterial;Daytime;Weekday;2;1;2;2;2;2;2
2016040569;1;1;GILA;9;2016;9;33.85176944;-111.31076667;Pedestrian;Daylight;Clear;1;Collector;Daytime;Weekday;2;2;1;2;2;1;2
2016040571;1;0;PIMA;9;2016;13;32.01455556;-111.07624444;Rollover/Overturn;Daylight;Clear;2;Collector;Daytime;Weekday;2;1;2;2;2;2;2
2016040572;2;0;MARICOPA;9;2016;21;33.37895556;-111.618875;Motor Vehicle In-Transport;Dark - Lighted;Cloudy;1;Minor arterial;Nighttime;Weekday;2;2;2;2;2;1;2
2016040573;1;0;COCONINO;9;2016;2;35.199075;-111.58966944;Other Object (not fixed);Dark - Lighted;Clear;1;Collector;Nighttime;Weekday;2;2;2;2;2;2;2
2016040576;1;0;COCHISE;9;2016;11;31.52831667;-110.27297778;Rollover/Overturn;Daylight;Cloudy;1;Minor arterial;Daytime;Weekend;2;1;2;2;2;1;2
2016040577;1;0;APACHE;9;2016;13;36.06922778;-109.60996111;Rollover/Overturn;Daylight;Clear;1;Collector;Daytime;Weekday;2;2;2;2;2;2;2
2016040584;1;0;MARICOPA;1;2016;16;33.41938611;-111.65651667;Curb;Daylight;Clear;1;Local;Daytime;Weekend;2;2;2;2;2;2;2
2016040586;1;1;MARICOPA;8;2016;23;99.9999;999.9999;Non-Motorist on Personal Conveyance;Dark - Unknown Lighting;Not Reported;1;Collector;Nighttime;Weekend;2;2;2;2;2;2;2
2016040589;2;0;MARICOPA;9;2016;13;33.40668889;-112.07066667;Motor Vehicle In-Transport;Daylight;Rain;1;Minor arterial;Daytime;Weekday;2;1;2;2;2;2;2
2016040592;1;0;PINAL;9;2016;13;32.61530278;-110.75587778;Boulder;Daylight;Clear;1;Collector;Daytime;Weekday;2;2;2;2;2;2;2
2016040593;1;0;COCHISE;9;2016;10;31.65197778;-110.14333056;Rollover/Overturn;Daylight;Clear;1;Collector;Daytime;Weekday;2;2;2;2;2;2;2
2016040594;1;0;COCHISE;9;2016;23;31.92593333;-110.275325;Rollover/Overturn;Dark - Not Lighted;Clear;1;Minor arterial;Nighttime;Weekday;2;2;2;2;2;2;2
2016040601;2;0;MARICOPA;8;2016;16;33.44722222;-112.06206944;Motor Vehicle In-Transport;Daylight;Clear;1;Minor arterial;Daytime;Weekday;2;2;2;2;2;2;2
2016040602;2;0;MARICOPA;8;2016;12;33.40654167;-112.57374444;Motor Vehicle In-Transport;Daylight;Clear;1;Minor arterial;Daytime;Weekday;2;1;2;2;2;1;2
2016040608;1;1;MARICOPA;8;2016;18;33.55316389;-112.05653611;Pedestrian;Unknown;Not Reported;1;Collector;Nighttime;Weekend;2;2;1;2;2;2;2
2016040610;1;0;COCONINO;8;2016;8;99.9999;999.9999;Unknown;Daylight;Not Reported;2;Collector;Daytime;Weekday;2;2;2;2;2;2;2
2016040613;2;0;MARICOPA;8;2016;15;33.84035278;-112.11748611;Motor Vehicle In-Transport;Daylight;Clear;1;Local;Daytime;Weekend;2;1;2;2;2;1;2
2016040614;1;1;MARICOPA;8;2016;19;33.52529722;-112.1515;Pedalcyclist;Dark - Lighted;Cloudy;1;Minor arterial;Nighttime;Weekend;2;2;2;1;1;2;2
2016040615;1;1;APACHE;8;2016;2;35.84017778;-109.60186667;Pedestrian;Dark - Unknown Lighting;Not Reported;1;Collector;Nighttime;Weekend;2;2;1;2;2;2;2
2016040618;2;0;MARICOPA;8;2016;20;99.9999;999.9999;Motor Vehicle In-Transport;Dark - Unknown Lighting;Not Reported;1;Minor arterial;Nighttime;Weekday;2;2;2;2;2;2;2
2016040621;1;1;MARICOPA;9;2016;22;33.46596944;-112.17835556;Pedestrian;Dark - Lighted;Clear;1;Minor arterial;Nighttime;Weekday;2;2;1;2;2;2;2
2016040623;1;0;APACHE;8;2016;13;36.15131111;-109.54645833;Culvert;Daylight;Rain;4;Minor arterial;Daytime;Weekend;2;1;2;2;2;2;2
2016040626;1;0;NAVAJO;9;2016;10;34.39374167;-110.53666389;Rollover/Overturn;Daylight;Clear;1;Local;Daytime;Weekday;2;1;2;2;2;2;2
2016040627;1;0;NAVAJO;9;2016;18;34.20620556;-110.01819444;Fell/Jumped from Vehicle;Dark - Unknown Lighting;Not Reported;1;Local;Nighttime;Weekend;2;2;2;2;2;2;2
2016040629;1;0;MARICOPA;9;2016;1;99.9999;999.9999;Rollover/Overturn;Dark - Unknown Lighting;Not Reported;1;Local;Nighttime;Weekend;2;1;2;2;2;2;2
2016040632;1;0;APACHE;9;2016;7;99.9999;999.9999;Rollover/Overturn;Daylight;Not Reported;1;Collector;Daytime;Weekend;2;2;2;2;2;2;2
2016040633;1;0;COCONINO;9;2016;17;35.94299167;-111.10272778;Rollover/Overturn;Dark - Unknown Lighting;Unknown;1;Local;Daytime;Weekend;2;1;2;2;2;2;2
2016040637;1;0;APACHE;1;2016;17;99.9999;999.9999;Rollover/Overturn;Daylight;Not Reported;1;Local;Daytime;Weekday;2;2;2;2;2;2;2
2016040639;2;0;MARICOPA;9;2016;0;33.40643056;-112.28073889;Motor Vehicle In-Transport;Dark - Unknown Lighting;Not Reported;1;Minor arterial;Nighttime;Weekend;2;2;2;2;2;2;2
2016040642;1;0;MARICOPA;9;2016;18;99.9999;999.9999;Rollover/Overturn;Unknown;Not Reported;1;Minor arterial;Nighttime;Weekend;2;1;2;2;2;2;2
2016040646;1;1;MARICOPA;9;2016;11;33.45141389;-112.13881389;Pedalcyclist;Daylight;Clear;1;Minor arterial;Daytime;Weekday;1;2;2;1;1;2;2
2016040649;2;0;MARICOPA;9;2016;21;33.54749722;-112.11698889;Motor Vehicle In-Transport;Dark - Lighted;Clear;1;Minor arterial;Nighttime;Weekend;2;1;2;2;2;2;2
2016040653;2;0;MARICOPA;9;2016;17;33.59704167;-111.87833611;Motor Vehicle In-Transport;Daylight;Clear;1;Minor arterial;Daytime;Weekday;2;2;2;2;2;2;2
2016040656;2;0;MARICOPA;9;2016;19;33.65476667;-112.10840278;Motor Vehicle In-Transport;Unknown;Not Reported;1;Minor arterial;Nighttime;Weekend;2;2;2;2;2;2;2
2016040657;2;0;PIMA;10;2016;23;32.24336111;-110.86668889;Motor Vehicle In-Transport;Dark - Lighted;Clear;1;Minor arterial;Nighttime;Weekend;2;2;2;2;2;2;2
2016040659;1;0;GILA;10;2016;11;33.675875;-111.16055;Concrete Traffic Barrier;Daylight;Clear;1;Collector;Daytime;Weekday;2;1;2;2;2;2;2
2016040661;1;1;MARICOPA;10;2016;17;33.45141944;-112.13546389;Pedestrian;Dusk;Clear;1;Minor arterial;Daytime;Weekday;2;2;1;2;2;1;2
2016040662;2;0;GILA;10;2016;15;34.27873056;-111.323925;Guardrail Face;Daylight;Clear;1;Minor arterial;Daytime;Weekday;2;2;2;2;2;2;2
2016040665;1;0;YAVAPAI;10;2016;11;34.29414444;-112.28175278;Boulder;Daylight;Clear;1;Local;Daytime;Weekend;2;2;2;2;2;2;2
2016040667;1;0;COCONINO;10;2016;8;34.62673611;-111.14160833;Tree (Standing Only);Daylight;Clear;1;Collector;Daytime;Weekday;2;2;2;2;2;2;2
2016040668;1;0;MARICOPA;10;2016;15;33.30881389;-112.06076944;Curb;Daylight;Clear;1;Minor arterial;Daytime;Weekday;2;2;2;2;2;2;2
2016040669;1;0;PIMA;10;2016;19;31.66611944;-111.48791944;Rollover/Overturn;Dark - Not Lighted;Clear;2;Collector;Nighttime;Weekday;1;1;2;2;2;2;2
2016040670;1;0;YAVAPAI;10;2016;15;34.06019444;-113.04613056;Culvert;Daylight;Clear;1;Collector;Daytime;Weekday;2;1;2;2;2;2;1
2016040671;2;0;PIMA;10;2016;16;32.14983333;-111.10605;Motor Vehicle In-Transport;Daylight;Clear;1;Collector;Daytime;Weekend;2;1;2;2;2;2;2
2016040675;1;0;APACHE;10;2016;5;36.22337222;-109.6023;Rollover/Overturn;Dark - Not Lighted;Clear;1;Collector;Nighttime;Weekend;2;1;2;2;2;2;2
2016040679;1;0;PIMA;10;2016;22;32.39782222;-110.96686389;Bridge Rail (Includes parapet);Dark - Not Lighted;Clear;1;Local;Nighttime;Weekend;2;1;2;2;2;2;2
2016040680;1;0;MARICOPA;10;2016;4;33.06170833;-112.24690556;Embankment;Dark - Not Lighted;Clear;1;Collector;Nighttime;Weekday;2;2;2;2;2;2;2
2016040684;2;0;PINAL;10;2016;19;32.91738056;-112.08320833;Motor Vehicle In-Transport;Dark - Not Lighted;Clear;1;Local;Nighttime;Weekday;2;1;2;2;2;2;2
2016040687;1;0;COCHISE;10;2016;5;31.36806944;-109.53524167;Tree (Standing Only);Dark - Not Lighted;Clear;1;Collector;Nighttime;Weekend;2;2;2;2;2;2;2
2016040692;2;0;PINAL;8;2016;8;33.15963333;-111.56155278;Motor Vehicle In-Transport;Daylight;Clear;1;Minor arterial;Daytime;Weekday;2;2;2;2;2;2;2
2016040694;1;0;YAVAPAI;10;2016;16;34.58968611;-112.58079167;Embankment;Daylight;Clear;1;Collector;Daytime;Weekday;2;1;2;2;2;2;2
2016040695;2;3;PINAL;10;2016;22;33.33870833;-111.56351389;Pedestrian;Dark - Not Lighted;Clear;1;Minor arterial;Nighttime;Weekend;2;2;1;2;2;2;2
2016040701;1;0;APACHE;10;2016;18;99.9999;999.9999;Rollover/Overturn;Unknown;Not Reported;1;Unknown;Nighttime;Weekend;2;2;2;2;2;2;2
2016040702;2;0;MARICOPA;10;2016;17;33.65456389;-112.16919167;Motor Vehicle In-Transport;Daylight;Clear;1;Minor arterial;Daytime;Weekday;2;2;2;2;2;2;2
2016040705;1;1;APACHE;3;2016;23;36.162575;-109.58399167;Pedestrian;Dark - Unknown Lighting;Not Reported;1;Collector;Nighttime;Weekend;2;2;1;2;2;2;2
2016040706;1;0;COCONINO;8;2016;3;36.6193;-111.43605;Unknown;Dark - Unknown Lighting;Not Reported;2;Local;Nighttime;Weekday;2;2;2;2;2;2;2
2016040707;2;0;APACHE;9;2016;7;99.9999;999.9999;Motor Vehicle In-Transport;Daylight;Not Reported;2;Collector;Daytime;Weekday;2;2;2;2;2;2;2
2016040709;1;0;MARICOPA;11;2016;11;33.42412222;-112.04778056;Rollover/Overturn;Daylight;Clear;1;Minor arterial;Daytime;Weekday;2;2;2;2;2;2;2
2016040722;1;0;MARICOPA;11;2016;21;33.39278611;-111.97229722;Rollover/Overturn;Dark - Lighted;Clear;1;Minor arterial;Nighttime;Weekday;2;1;2;2;2;2;2
2016040728;1;1;COCONINO;11;2016;6;35.20324444;-111.60534444;Pedestrian;Dawn;Clear;1;Minor arterial;Daytime;Weekend;2;2;1;2;2;2;2
2016040738;1;0;MOHAVE;11;2016;15;34.61196111;-113.41146944;Ditch;Daylight;Clear;1;Local;Daytime;Weekday;2;2;2;2;2;1;2
2016040742;2;0;MARICOPA;11;2016;17;33.68166944;-112.24644444;Motor Vehicle In-Transport;Dark - Lighted;Clear;1;Minor arterial;Daytime;Weekend;2;2;2;2;2;2;2
2016040743;1;0;YAVAPAI;11;2016;6;34.50696944;-111.73117222;Rollover/Overturn;Dark - Not Lighted;Clear;1;Collector;Daytime;Weekday;2;1;2;2;2;2;2
2016040745;4;0;MARICOPA;10;2016;13;33.52410556;-112.11296667;Motor Vehicle In-Transport;Daylight;Clear;1;Minor arterial;Daytime;Weekday;2;2;2;2;2;2;2
2016040746;1;0;PINAL;10;2016;12;32.83601389;-112.13188889;Rollover/Overturn;Daylight;Clear;1;Minor arterial;Daytime;Weekday;2;2;2;2;2;2;2
2016040748;2;0;MARICOPA;10;2016;7;33.40851111;-112.21277222;Motor Vehicle In-Transport;Daylight;Clear;1;Minor arterial;Daytime;Weekday;2;2;2;2;2;2;2
2016040749;1;1;MARICOPA;10;2016;20;99.9999;999.9999;Pedestrian;Dark - Unknown Lighting;Not Reported;1;Minor arterial;Nighttime;Weekend;2;2;1;2;2;2;2
2016040750;2;0;MARICOPA;10;2016;4;99.9999;999.9999;Tree (Standing Only);Dark - Unknown Lighting;Not Reported;3;Minor arterial;Nighttime;Weekend;2;1;2;2;2;2;2
2016040754;2;1;MARICOPA;10;2016;19;33.52392222;-112.13835278;Pedestrian;Dark - Lighted;Clear;1;Minor arterial;Nighttime;Weekday;2;2;1;2;2;2;2
2016040755;2;0;MARICOPA;10;2016;21;33.64296667;-112.02219444;Rollover/Overturn;Dark - Unknown Lighting;Not Reported;1;Local;Nighttime;Weekday;2;1;2;2;2;2;2
2016040756;3;0;MARICOPA;10;2016;1;33.59633611;-112.12006389;Motor Vehicle In-Transport;Dark - Lighted;Clear;1;Minor arterial;Nighttime;Weekend;1;2;2;2;2;2;2
2016040760;1;1;MARICOPA;10;2016;23;33.44695278;-112.08596389;Pedestrian;Dark - Unknown Lighting;Not Reported;1;Local;Nighttime;Weekday;2;2;1;2;2;2;2
2016040761;2;0;MARICOPA;10;2016;6;33.47047778;-112.1517;Motor Vehicle In-Transport;Daylight;Clear;1;Minor arterial;Daytime;Weekday;2;2;2;2;2;2;2
2016040767;2;0;GRAHAM;11;2016;23;33.08660278;-110.05630278;Motor Vehicle In-Transport;Dark - Not Lighted;Rain;2;Minor arterial;Nighttime;Weekday;2;2;2;2;2;2;2
2016040771;1;0;COCONINO;11;2016;6;36.01583333;-112.20197222;Embankment;Dark - Not Lighted;Clear;1;Local;Daytime;Weekday;2;1;2;2;2;2;2
2016040772;2;0;MARICOPA;8;2016;18;33.70928889;-112.23603333;Motor Vehicle In-Transport;Dusk;Cloudy;1;Local;Nighttime;Weekday;2;2;2;2;2;2;2
2016040773;1;1;MARICOPA;11;2016;2;32.11846667;-110.96073333;Pedestrian;Dark - Not Lighted;Clear;1;Minor arterial;Nighttime;Weekend;2;2;1;2;2;2;2
2016040774;3;0;YAVAPAI;11;2016;15;34.72462222;-111.95301944;Motor Vehicle In-Transport;Daylight;Clear;1;Collector;Daytime;Weekday;2;2;2;2;2;2;2
2016040776;1;0;MARICOPA;11;2016;1;33.22291111;-111.75543611;Curb;Dark - Lighted;Clear;1;Minor arterial;Nighttime;Weekend;2;2;2;2;2;2;2
2016040777;1;0;MARICOPA;8;2016;14;99.9999;999.9999;Unknown;Daylight;Not Reported;1;Local;Daytime;Weekday;2;2;2;2;2;2;2
2016040778;1;0;PIMA;10;2016;22;99.9999;999.9999;Fell/Jumped from Vehicle;Dark - Unknown Lighting;Unknown;1;Collector;Nighttime;Weekend;2;2;2;2;2;2;2
2016040782;1;2;MARICOPA;11;2016;18;99.9999;999.9999;Pedalcyclist;Unknown;Not Reported;1;Minor arterial;Nighttime;Weekday;2;1;2;1;1;2;2
2016040783;3;0;MARICOPA;11;2016;8;33.39270833;-111.98221111;Motor Vehicle In-Transport;Daylight;Not Reported;1;Minor arterial;Daytime;Weekday;2;2;2;2;2;2;2
2016040784;2;0;MARICOPA;11;2016;14;33.48630556;-112.0694;Motor Vehicle In-Transport;Daylight;Clear;1;Collector;Daytime;Weekday;2;2;2;2;2;2;2
2016040787;1;1;MARICOPA;11;2016;6;99.9999;999.9999;Pedestrian;Daylight;Clear;1;Minor arterial;Daytime;Weekday;2;2;1;2;2;2;2
2016040791;2;0;PINAL;11;2016;20;33.11775556;-111.94422222;Motor Vehicle In-Transport;Dark - Not Lighted;Clear;2;Collector;Nighttime;Weekend;2;1;2;2;2;2;2
2016040795;2;0;MARICOPA;11;2016;17;33.62533333;-112.12026944;Motor Vehicle In-Transport;Unknown;Not Reported;1;Minor arterial;Daytime;Weekday;2;1;2;2;2;2;2
2016040796;1;1;MARICOPA;11;2016;19;33.4222;-111.60480278;Mail Box;Dark - Lighted;Clear;1;Minor arterial;Nighttime;Weekday;2;2;2;1;1;2;2
2016040799;2;0;YAVAPAI;11;2016;11;34.59854722;-112.59947222;Motor Vehicle In-Transport;Daylight;Clear;1;Collector;Daytime;Weekday;1;2;2;2;2;2;2
2016040800;1;0;GILA;11;2016;12;99.9999;999.9999;Rollover/Overturn;Daylight;Unknown;1;Local;Daytime;Weekend;2;2;2;2;2;2;2
2016040805;1;0;PIMA;12;2016;19;32.24272778;-110.80294444;Utility Pole/Light Support;Dark - Lighted;Clear;1;Minor arterial;Nighttime;Weekend;2;2;2;2;2;2;2
2016040808;2;0;PIMA;12;2016;6;32.08302778;-110.68755833;Motor Vehicle In-Transport;Dark - Not Lighted;Clear;1;Collector;Daytime;Weekday;2;2;2;2;2;2;2
2016040812;1;0;YAVAPAI;12;2016;16;33.93873333;-112.32186389;Other Object (not fixed);Daylight;Clear;1;Local;Daytime;Weekend;2;2;2;2;2;2;2
2016040814;2;0;PIMA;12;2016;17;32.39751667;-111.04698611;Motor Vehicle In-Transport;Dusk;Clear;1;Collector;Daytime;Weekend;2;2;2;2;2;2;2
2016040816;1;1;PIMA;12;2016;9;32.13978611;-110.91006667;Pedestrian;Daylight;Clear;1;Local;Daytime;Weekend;2;2;1;2;2;1;2
2016040819;1;1;COCONINO;12;2016;7;35.218675;-111.5909;Pedestrian;Daylight;Clear;1;Collector;Daytime;Weekday;2;2;1;2;2;2;2
2016040820;1;0;MARICOPA;12;2016;4;33.37550278;-112.32276667;Other Object (not fixed);Dark - Not Lighted;Clear;1;Minor arterial;Nighttime;Weekday;2;1;2;2;2;2;2
2016040821;1;1;MARICOPA;12;2016;11;33.54254167;-111.33350556;Pedalcyclist;Daylight;Clear;1;Collector;Daytime;Weekday;2;2;2;1;1;2;2
2016040825;2;0;PIMA;12;2016;23;32.25758611;-110.97413056;Motor Vehicle In-Transport;Dark - Lighted;Clear;1;Collector;Nighttime;Weekend;2;1;2;2;2;2;2
2016040829;2;0;COCHISE;12;2016;9;31.91966944;-109.87251667;Motor Vehicle In-Transport;Daylight;Clear;1;Local;Daytime;Weekday;2;1;2;2;2;2;2
2016040830;1;0;PIMA;12;2016;11;32.22508056;-111.01571389;Other Fixed Object;Daylight;Cloudy;1;Minor arterial;Daytime;Weekday;2;2;2;2;2;2;2
2016040831;2;0;MARICOPA;12;2016;16;33.59658333;-111.90860833;Motor Vehicle In-Transport;Daylight;Cloudy;1;Minor arterial;Daytime;Weekday;2;2;2;2;2;2;2
2016040833;1;0;MARICOPA;4;2016;18;33.51438611;-112.22326111;Shrubbery;Daylight;Clear;1;Local;Nighttime;Weekday;2;1;2;2;2;2;2
2016040834;2;0;MARICOPA;12;2016;13;33.65280556;-112.23532778;Motor Vehicle In-Transport;Daylight;Cloudy;1;Minor arterial;Daytime;Weekday;2;2;2;2;2;2;2
2016040835;1;1;MARICOPA;12;2016;21;33.54220278;-112.11129167;Pedestrian;Dark - Lighted;Cloudy;1;Local;Nighttime;Weekend;2;2;1;2;2;2;2
2016040836;2;0;MARICOPA;12;2016;9;33.27927778;-111.96726111;Rollover/Overturn;Daylight;Rain;1;Collector;Daytime;Weekday;1;1;2;2;2;2;2
2016040837;1;0;PINAL;9;2016;1;33.13222778;-111.86979167;Rollover/Overturn;Dark - Not Lighted;Clear;2;Collector;Nighttime;Weekend;2;2;2;2;2;2;2
2016040838;1;0;YAVAPAI;8;2016;9;34.55905;-111.90266667;Rollover/Overturn;Daylight;Clear;1;Collector;Daytime;Weekday;1;1;2;2;2;2;2
2016040840;2;0;COCONINO;9;2016;18;99.9999;999.9999;Motor Vehicle In-Transport;Unknown;Not Reported;1;Collector;Nighttime;Weekend;2;2;2;2;2;2;2
2016040842;1;0;MARICOPA;11;2016;18;33.66076389;-112.25136111;Parked Motor Vehicle;Dark - Lighted;Clear;1;Local;Nighttime;Weekend;2;2;2;2;2;2;1
2016040845;2;0;MARICOPA;11;2016;13;99.9999;999.9999;Motor Vehicle In-Transport;Unknown;Not Reported;1;Collector;Daytime;Weekday;2;2;2;2;2;2;2
2016040850;1;1;MARICOPA;12;2016;6;99.9999;999.9999;Pedestrian;Unknown;Not Reported;1;Minor arterial;Daytime;Weekday;2;2;1;2;2;2;2
2016040851;1;1;NAVAJO;12;2016;22;99.9999;999.9999;Pedestrian;Dark - Unknown Lighting;Not Reported;1;Collector;Nighttime;Weekend;2;2;1;2;2;2;2
2016040853;1;0;PINAL;12;2016;7;32.82123611;-111.56679444;Rollover/Overturn;Dark - Not Lighted;Clear;1;Local;Daytime;Weekend;2;1;2;2;2;2;2
2016040854;1;1;MARICOPA;12;2016;6;99.9999;999.9999;Pedestrian;Unknown;Not Reported;1;Minor arterial;Daytime;Weekend;2;2;1;2;2;2;2
2016040855;3;0;MARICOPA;12;2016;7;33.55313056;-112.15148333;Motor Vehicle In-Transport;Daylight;Not Reported;1;Minor arterial;Daytime;Weekend;2;2;2;2;2;2;2
2016040856;1;1;PINAL;12;2016;20;32.76299722;-111.659075;Pedestrian;Dark - Unknown Lighting;Clear;1;Collector;Nighttime;Weekend;2;2;1;2;2;2;2
2016040857;2;0;COCONINO;12;2016;18;36.12956944;-111.24820833;Motor Vehicle In-Transport;Unknown;Not Reported;2;Local;Nighttime;Weekend;2;2;2;2;2;2;2
2016040859;1;1;MARICOPA;12;2016;18;99.9999;999.9999;Pedestrian;Unknown;Not Reported;1;Minor arterial;Nighttime;Weekend;2;2;1;2;2;2;2
2016040861;2;0;MARICOPA;12;2016;5;33.452475;-112.20343611;Motor Vehicle In-Transport;Dark - Unknown Lighting;Not Reported;1;Minor arterial;Nighttime;Weekend;2;2;2;2;2;2;2
2016040863;1;0;COCHISE;12;2016;20;99.9999;999.9999;Ditch;Unknown;Not Reported;1;Collector;Nighttime;Weekend;2;2;2;2;2;2;2
2016040864;1;0;MARICOPA;12;2016;1;33.29441111;-111.99096111;Curb;Dark - Unknown Lighting;Not Reported;1;Local;Nighttime;Weekday;2;2;2;2;2;1;2
2016040865;2;0;MARICOPA;12;2016;11;33.61187778;-111.99449722;Motor Vehicle In-Transport;Daylight;Not Reported;1;Minor arterial;Daytime;Weekday;2;2;2;2;2;2;2
2016040866;2;0;MARICOPA;12;2016;16;33.44490833;-112.12601944;Motor Vehicle In-Transport;Daylight;Not Reported;1;Collector;Daytime;Weekday;2;2;2;2;2;2;2
2016040867;2;1;MARICOPA;12;2016;18;99.9999;999.9999;Pedestrian;Unknown;Not Reported;1;Collector;Nighttime;Weekday;1;2;1;2;2;2;2
2016040871;1;1;MARICOPA;12;2016;18;99.9999;999.9999;Pedestrian;Unknown;Not Reported;1;Minor arterial;Nighttime;Weekday;2;2;1;2;2;2;2
2016040872;1;0;MARICOPA;12;2016;14;99.9999;999.9999;Unknown;Unknown;Not Reported;1;Local;Daytime;Weekday;2;2;2;2;2;2;2
2016040875;1;0;NAVAJO;12;2016;18;99.9999;999.9999;Unknown;Unknown;Not Reported;2;Local;Nighttime;Weekend;2;2;2;2;2;2;2
2016040876;1;1;MARICOPA;12;2016;22;99.9999;999.9999;Pedestrian;Dark - Unknown Lighting;Not Reported;1;Minor arterial;Nighttime;Weekend;2;2;1;2;2;2;2
2016040877;2;0;MARICOPA;11;2016;11;33.65436389;-112.19492222;Motor Vehicle In-Transport;Daylight;Clear;1;Minor arterial;Daytime;Weekday;2;2;2;2;2;2;2
2016040880;1;0;PINAL;11;2016;17;33.14152778;-111.82341667;Shrubbery;Dusk;Clear;1;Local;Daytime;Weekday;2;2;2;2;2;2;2