accident_id;vehicle;peds;county;month;year;hour;latitude;longitude;harm_ev;lgt_cond;weather;fatals;road_fc;tod;dow;large_truck;speeding;ped_f;pedal;pedal_f;distracted_driver;drowsy_driver
2012040022;2;0;MOHAVE;1;2012;13;35.22546389;-114.28908056;Motor Vehicle In-Transport;Daylight;Clear;1;Minor arterial;Daytime;Weekend;2;2;2;2;2;1;2
2012040065;1;0;MOHAVE;2;2012;12;34.86038889;-114.08311111;Rollover/Overturn;Daylight;Clear;1;Local;Daytime;Weekday;2;1;2;2;2;2;2
2012040082;1;0;MOHAVE;2;2012;22;34.99595278;-114.43188333;Rollover/Overturn;Dark - Not Lighted;Clear;1;Collector;Nighttime;Weekday;2;2;2;2;2;1;2
2012040085;2;0;YUMA;2;2012;7;32.72258889;-114.61603333;Motor Vehicle In-Transport;Daylight;Clear;2;Local;Daytime;Weekday;2;1;2;2;2;2;2
2012040114;1;0;LA PAZ;2;2012;6;34.18533889;-114.18986389;Embankment;Dark - Not Lighted;Clear;1;Local;Daytime;Weekend;2;1;2;2;2;2;2
2012040134;2;0;YUMA;3;2012;5;32.63110556;-114.735925;Motor Vehicle In-Transport;Dawn;Clear;1;Collector;Nighttime;Weekday;2;2;2;2;2;2;2
2012040167;2;0;MOHAVE;3;2012;15;35.86469444;-114.07131389;Motor Vehicle In-Transport;Daylight;Clear;1;Local;Daytime;Weekday;2;1;2;2;2;2;2
2012040213;1;0;YUMA;4;2012;19;32.62594722;-114.63266667;Other Fixed Object;Dark - Lighted;Clear;1;Collector;Nighttime;Weekday;2;1;2;2;2;2;2
2012040221;2;0;MOHAVE;4;2012;18;35.21885278;-114.13755833;Motor Vehicle In-Transport;Daylight;Clear;2;Minor arterial;Nighttime;Weekend;1;2;2;2;2;2;2
2012040231;1;0;YUMA;4;2012;15;32.67684444;-114.59008056;Rollover/Overturn;Daylight;Clear;1;Local;Daytime;Weekend;2;1;2;2;2;1;2
2012040281;1;0;MOHAVE;5;2012;7;35.19957778;-114.42205556;Embankment;Daylight;Clear;1;Minor arterial;Daytime;Weekday;2;2;2;2;2;2;2
2012040332;1;1;MOHAVE;6;2012;20;35.20888333;-114.033675;Pedestrian;Dark - Lighted;Clear;1;Collector;Nighttime;Weekday;2;2;1;2;2;2;2
2012040361;1;1;YUMA;7;2012;20;32.683925;-114.63019444;Pedestrian;Daylight;Clear;1;Minor arterial;Nighttime;Weekday;2;2;1;2;2;2;2
2012040362;1;1;YUMA;7;2012;4;32.68382222;-114.66584722;Pedestrian;Dark - Not Lighted;Clear;1;Minor arterial;Nighttime;Weekday;2;2;1;2;2;2;2
2012040385;1;0;YUMA;7;2012;0;32.66060556;-114.46952778;Parked Motor Vehicle;Dark - Not Lighted;Clear;1;Local;Nighttime;Weekend;2;2;2;2;2;2;2
2012040421;2;0;YUMA;7;2012;1;32.62620833;-114.56363056;Motor Vehicle In-Transport;Dark - Not Lighted;Clear;1;Collector;Nighttime;Weekend;2;2;2;2;2;2;2
2012040446;2;0;MOHAVE;8;2012;13;35.22023611;-114.03575;Motor Vehicle In-Transport;Daylight;Clear;1;Minor arterial;Daytime;Weekday;2;2;2;2;2;2;2
2012040550;1;0;MOHAVE;10;2012;21;35.21879444;-114.14981389;Rollover/Overturn;Dark - Not Lighted;Clear;2;Minor arterial;Nighttime;Weekend;2;2;2;2;2;2;2
2012040560;1;1;YUMA;10;2012;6;32.68405;-114.60348333;Pedestrian;Dark - Lighted;Clear;1;Minor arterial;Daytime;Weekday;2;2;1;2;2;2;2
2012040583;1;0;MOHAVE;10;2012;18;35.05719444;-114.17521667;Embankment;Dusk;Clear;1;Local;Nighttime;Weekend;2;1;2;2;2;2;2
2012040639;2;0;MOHAVE;11;2012;18;35.23941111;-114.022375;Motor Vehicle In-Transport;Dark - Lighted;Clear;1;Collector;Nighttime;Weekday;2;2;2;2;2;2;2
2012040641;2;0;YUMA;11;2012;21;32.64022778;-114.66713333;Motor Vehicle In-Transport;Dark - Not Lighted;Clear;1;Collector;Nighttime;Weekday;2;2;2;2;2;2;2
2013040022;2;1;YUMA;1;2013;23;32.68392778;-114.62582222;Pedestrian;Dark - Lighted;Clear;1;Minor arterial;Nighttime;Weekday;2;2;1;2;2;2;2
2013040078;1;1;MOHAVE;2;2013;14;34.4872;-114.34035278;Pedestrian;Daylight;Clear;1;Local;Daytime;Weekday;2;2;1;2;2;2;2
2013040102;1;1;MOHAVE;3;2013;20;34.482825;-114.34908889;Pedalcyclist;Dark - Not Lighted;Clear;1;Collector;Nighttime;Weekday;2;2;2;1;1;2;2
2013040156;1;0;YUMA;3;2013;19;32.81895833;-114.46779722;Rollover/Overturn;Dark - Not Lighted;Clear;1;Local;Nighttime;Weekday;2;1;2;2;2;1;2
2013040207;1;0;MOHAVE;4;2013;15;34.945;-114.41611111;Boulder;Daylight;Clear;1;Collector;Daytime;Weekend;2;1;2;2;2;1;2
2013040208;2;0;YUMA;4;2013;11;32.69838056;-114.684525;Motor Vehicle In-Transport;Daylight;Clear;3;Collector;Daytime;Weekday;2;1;2;2;2;1;2
2013040221;1;0;MOHAVE;4;2013;20;35.20336944;-114.40363611;Rollover/Overturn;Dark - Not Lighted;Clear;1;Minor arterial;Nighttime;Weekend;2;1;2;2;2;2;2
2013040265;2;0;MOHAVE;5;2013;18;35.19930833;-114.017975;Motor Vehicle In-Transport;Daylight;Clear;1;Collector;Nighttime;Weekend;2;1;2;2;2;2;2
2013040330;1;0;YUMA;6;2013;22;32.62486111;-114.73597222;Other Fixed Object;Dark - Not Lighted;Clear;1;Collector;Nighttime;Weekend;2;2;2;2;2;2;2
2013040378;1;0;MOHAVE;7;2013;14;35.44928333;-114.02888889;Rollover/Overturn;Daylight;Clear;1;Collector;Daytime;Weekend;2;1;2;2;2;2;2
2013040395;2;0;MOHAVE;7;2013;3;34.49526667;-114.27160278;Motor Vehicle In-Transport;Dark - Not Lighted;Clear;1;Collector;Nighttime;Weekend;2;1;2;2;2;1;2
2013040403;1;0;LA PAZ;7;2013;21;34.22369444;-114.19611111;Rollover/Overturn;Dark - Lighted;Cloudy;1;Local;Nighttime;Weekend;2;1;2;2;2;1;2
2013040417;1;0;YUMA;6;2013;3;32.49510278;-114.73536944;Embankment;Dark - Unknown Lighting;Unknown;1;Local;Nighttime;Weekday;2;2;2;2;2;2;2
2013040420;1;1;YUMA;6;2013;21;32.71306944;-114.63435;Pedestrian;Dark - Lighted;Clear;1;Minor arterial;Nighttime;Weekend;2;2;1;2;2;1;2
2013040442;1;0;YUMA;8;2013;5;32.7005;-114.63328333;Utility Pole/Light Support;Dawn;Clear;1;Minor arterial;Nighttime;Weekday;2;1;2;2;2;2;2
2013040498;2;0;MOHAVE;8;2013;18;35.033325;-114.59463333;Motor Vehicle In-Transport;Dusk;Clear;1;Local;Nighttime;Weekday;2;2;2;2;2;2;2
2013040502;1;1;YUMA;8;2013;4;32.68390278;-114.65044167;Non-Motorist on Personal Conveyance;Dark - Lighted;Clear;1;Minor arterial;Nighttime;Weekend;2;2;2;2;2;1;2
2013040504;1;0;MOHAVE;9;2013;23;35.09953889;-114.16595556;Embankment;Dark - Not Lighted;Clear;1;Collector;Nighttime;Weekend;2;1;2;2;2;2;2
2013040513;1;0;YUMA;9;2013;5;32.74144722;-114.43216667;Rollover/Overturn;Dark - Not Lighted;Clear;1;Local;Nighttime;Weekday;2;2;2;2;2;2;2
2013040576;1;0;YUMA;9;2013;16;32.57129444;-114.62475278;Utility Pole/Light Support;Daylight;Clear;1;Local;Daytime;Weekday;2;2;2;2;2;2;2
2013040578;2;0;YUMA;9;2013;17;32.68398889;-114.61796111;Motor Vehicle In-Transport;Daylight;Clear;1;Minor arterial;Daytime;Weekend;2;1;2;2;2;1;2
2013040599;2;0;YUMA;10;2013;23;32.56747222;-114.63650833;Motor Vehicle In-Transport;Dark - Lighted;Clear;1;Local;Nighttime;Weekend;2;1;2;2;2;2;2
2013040633;1;0;MOHAVE;11;2013;0;35.12370278;-114.58083333;Curb;Dark - Lighted;Clear;1;Minor arterial;Nighttime;Weekday;2;1;2;2;2;2;2
2013040662;2;0;YUMA;10;2013;19;32.61128889;-114.63255556;Motor Vehicle In-Transport;Dark - Not Lighted;Cloudy;1;Collector;Nighttime;Weekday;2;2;2;2;2;2;2
2013040722;2;0;MOHAVE;12;2013;10;35.22126944;-114.20048889;Motor Vehicle In-Transport;Daylight;Clear;1;Minor arterial;Daytime;Weekday;2;2;2;2;2;2;2
2013040766;1;0;YUMA;2;2013;3;32.69846667;-114.6506;Utility Pole/Light Support;Dark - Lighted;Clear;1;Minor arterial;Nighttime;Weekend;2;2;2;2;2;2;2
2014040027;1;1;YUMA;2;2014;16;32.68808056;-114.65153056;Curb;Daylight;Clear;1;Local;Daytime;Weekday;2;1;1;2;2;1;2
2014040032;1;0;YUMA;2;2014;19;32.71326389;-114.60667778;Rollover/Overturn;Dark - Lighted;Clear;1;Minor arterial;Nighttime;Weekend;2;1;2;2;2;1;2
2014040036;1;1;YUMA;2;2014;20;32.71311389;-114.64188889;Pedalcyclist;Dark - Lighted;Clear;1;Local;Nighttime;Weekend;1;2;2;1;1;2;2
2014040042;1;0;YUMA;2;2014;20;32.5519;-114.68064167;Utility Pole/Light Support;Dark - Not Lighted;Clear;1;Local;Nighttime;Weekend;2;1;2;2;2;2;2
2014040078;1;0;YUMA;3;2014;0;32.66941667;-114.62209722;Curb;Dark - Not Lighted;Clear;1;Minor arterial;Nighttime;Weekend;2;2;2;2;2;1;2
2014040203;1;0;YUMA;4;2014;22;32.81382222;-114.47505278;Immersion or Partial Immersion;Dark - Not Lighted;Clear;1;Local;Nighttime;Weekend;2;1;2;2;2;2;2
2014040231;1;0;YUMA;5;2014;23;32.64255833;-114.52963056;Fence;Dark - Lighted;Clear;1;Local;Nighttime;Weekend;2;2;2;2;2;2;2
2014040264;1;0;YUMA;5;2014;23;32.67016944;-114.466625;Other Object (not fixed);Dark - Not Lighted;Clear;1;Minor arterial;Nighttime;Weekday;2;1;2;2;2;2;2
2014040281;1;1;MOHAVE;6;2014;12;35.22485833;-114.02000833;Pedestrian;Daylight;Clear;1;Collector;Daytime;Weekday;2;2;1;2;2;1;2
2014040291;1;0;MOHAVE;6;2014;23;35.50264444;-114.36283056;Embankment;Dark - Not Lighted;Clear;1;Local;Nighttime;Weekday;2;1;2;2;2;2;2
2014040328;2;0;MOHAVE;4;2014;17;35.26334444;-114.02607778;Motor Vehicle In-Transport;Daylight;Clear;1;Collector;Daytime;Weekday;2;1;2;2;2;2;2
2014040332;1;0;YUMA;6;2014;4;32.67642222;-114.73640556;Embankment;Dark - Not Lighted;Clear;1;Local;Nighttime;Weekday;2;1;2;2;2;2;2
2014040368;2;0;YUMA;7;2014;10;32.49435833;-114.74863611;Motor Vehicle In-Transport;Daylight;Clear;3;Minor arterial;Daytime;Weekday;2;2;2;2;2;2;2
2014040374;2;0;LA PAZ;6;2014;18;34.12964167;-114.31159722;Motor Vehicle In-Transport;Daylight;Clear;1;Collector;Nighttime;Weekend;1;2;2;2;2;2;2
2014040401;1;0;MOHAVE;8;2014;11;34.76725278;-114.48801944;Embankment;Daylight;Clear;1;Local;Daytime;Weekend;2;2;2;2;2;2;2
2014040406;1;0;YUMA;8;2014;5;32.69830278;-114.69901667;Immersion or Partial Immersion;Dark - Not Lighted;Clear;1;Local;Nighttime;Weekend;2;2;2;2;2;2;2
2014040433;2;0;MOHAVE;8;2014;15;35.25391111;-114.03330278;Motor Vehicle In-Transport;Daylight;Clear;1;Collector;Daytime;Weekday;2;1;2;2;2;2;2
2014040491;1;0;MOHAVE;10;2014;22;35.01614444;-114.61745;Rollover/Overturn;Dark - Not Lighted;Clear;1;Local;Nighttime;Weekday;2;2;2;2;2;2;2
2014040493;1;0;YUMA;10;2014;13;32.66218333;-114.63308889;Curb;Daylight;Clear;1;Collector;Daytime;Weekday;2;2;2;2;2;2;2
2014040497;2;0;YUMA;10;2014;21;32.67025278;-114.48676111;Motor Vehicle In-Transport;Dark - Lighted;Clear;1;Minor arterial;Nighttime;Weekday;2;2;2;2;2;2;2
2014040546;1;1;MOHAVE;11;2014;20;35.08648333;-114.59646667;Pedestrian;Dark - Not Lighted;Clear;1;Collector;Nighttime;Weekday;2;2;1;2;2;2;2
2014040584;1;1;YUMA;12;2014;22;32.68264722;-114.55908611;Pedestrian;Dark - Not Lighted;Clear;1;Local;Nighttime;Weekday;2;2;1;2;2;2;2
2014040603;2;0;YUMA;11;2014;20;32.56756944;-114.64948056;Motor Vehicle In-Transport;Dark - Not Lighted;Clear;1;Collector;Nighttime;Weekday;2;2;2;2;2;2;2
2014040610;1;0;LA PAZ;10;2014;0;34.10713611;-114.36606944;Shrubbery;Dark - Not Lighted;Clear;1;Collector;Nighttime;Weekday;2;2;2;2;2;2;2
2014040625;1;0;LA PAZ;11;2014;6;34.12965;-114.262175;Rollover/Overturn;Not Reported;Not Reported;1;Local;Daytime;Weekday;2;1;2;2;2;2;2
2015040047;2;0;YUMA;1;2015;18;32.67231667;-114.11228611;Motor Vehicle In-Transport;Dusk;Cloudy;1;Collector;Nighttime;Weekend;2;2;2;2;2;2;2
2015040065;1;1;MOHAVE;2;2015;18;35.25391944;-114.01482778;Pedestrian;Dark - Not Lighted;Clear;1;Collector;Nighttime;Weekday;2;2;1;2;2;1;2
2015040072;2;0;MOHAVE;2;2015;20;34.50204444;-114.36118611;Motor Vehicle In-Transport;Dark - Not Lighted;Clear;1;Minor arterial;Nighttime;Weekend;2;2;2;2;2;2;2
2015040141;1;0;MOHAVE;3;2015;6;36.81188889;-114.00941667;Rollover/Overturn;Dawn;Clear;2;Local;Daytime;Weekend;2;1;2;2;2;2;2
2015040160;1;0;MOHAVE;3;2015;15;35.08808889;-114.546325;Embankment;Daylight;Clear;1;Minor arterial;Daytime;Weekday;2;1;2;2;2;2;2
2015040174;1;0;YUMA;3;2015;6;32.67001389;-114.73638333;Embankment;Dawn;Clear;1;Local;Daytime;Weekend;2;2;2;2;2;2;2
2015040209;1;0;LA PAZ;3;2015;17;33.65529722;-114.25772778;Boulder;Daylight;Clear;1;Local;Daytime;Weekend;2;1;2;2;2;2;2
2015040220;2;0;MOHAVE;4;2015;18;34.47005;-114.35227778;Motor Vehicle In-Transport;Daylight;Clear;1;Collector;Nighttime;Weekend;2;1;2;2;2;2;2
2015040242;2;0;YUMA;4;2015;13;32.63764444;-114.40978333;Motor Vehicle In-Transport;Daylight;Clear;1;Collector;Daytime;Weekday;1;2;2;2;2;2;2
2015040301;1;0;YUMA;5;2015;5;33.0032;-114.47838611;Tree (Standing Only);Dark - Not Lighted;Clear;1;Local;Nighttime;Weekend;2;1;2;2;2;2;2
2015040350;2;0;MOHAVE;5;2015;22;34.487;-114.32701389;Motor Vehicle In-Transport;Dark - Unknown Lighting;Unknown;1;Minor arterial;Nighttime;Weekend;2;2;2;2;2;2;2
2015040356;1;0;MOHAVE;6;2015;21;35.56095833;-114.41659444;Fence;Dark - Not Lighted;Clear;1;Local;Nighttime;Weekday;2;1;2;2;2;2;2
2015040359;2;0;MOHAVE;6;2015;10;34.813;-114.46938056;Rollover/Overturn;Daylight;Clear;1;Collector;Daytime;Weekday;2;1;2;2;2;2;2
2015040382;1;0;MOHAVE;6;2015;16;35.38117778;-114.03634722;Parked Motor Vehicle;Daylight;Clear;1;Collector;Daytime;Weekday;2;1;2;2;2;2;2
2015040423;1;0;MOHAVE;6;2015;5;35.61569444;-114.11416667;Embankment;Daylight;Clear;1;Collector;Nighttime;Weekday;2;1;2;2;2;2;2
2015040427;3;0;YUMA;7;2015;9;32.71306389;-114.66111389;Motor Vehicle In-Transport;Daylight;Cloudy;1;Minor arterial;Daytime;Weekday;2;1;2;2;2;2;2
2015040432;1;0;MOHAVE;7;2015;10;34.47561389;-114.26638889;Rollover/Overturn;Daylight;Clear;1;Minor arterial;Daytime;Weekday;2;1;2;2;2;2;2
2015040443;1;0;YUMA;7;2015;23;32.70114444;-114.60738056;Curb;Dark - Lighted;Clear;1;Local;Nighttime;Weekend;2;1;2;2;2;2;2
2015040499;1;0;YUMA;8;2015;23;32.67516389;-114.52154444;Ground;Dark - Lighted;Clear;2;Local;Nighttime;Weekend;2;1;2;2;2;2;2
2015040522;2;0;MOHAVE;8;2015;5;35.65504444;-114.22136667;Motor Vehicle In-Transport;Daylight;Clear;1;Collector;Nighttime;Weekday;2;2;2;2;2;2;2
2015040570;1;1;YUMA;9;2015;6;32.66937222;-114.62876389;Non-Motorist on Personal Conveyance;Dawn;Clear;1;Minor arterial;Daytime;Weekday;2;2;2;2;2;2;2
2015040589;2;0;MOHAVE;9;2015;14;35.25819167;-114.03297778;Motor Vehicle In-Transport;Daylight;Clear;1;Local;Daytime;Weekday;2;1;2;2;2;2;2
2015040597;1;1;YUMA;9;2015;19;32.68388333;-114.63116111;Pedestrian;Dark - Not Lighted;Clear;1;Minor arterial;Nighttime;Weekday;2;2;1;2;2;2;2
2015040636;2;0;YUMA;10;2015;19;32.60740833;-114.73576389;Motor Vehicle In-Transport;Dark - Not Lighted;Clear;1;Collector;Nighttime;Weekday;2;2;2;2;2;2;2
2015040641;2;0;MOHAVE;10;2015;15;35.09355556;-114.545225;Motor Vehicle In-Transport;Daylight;Cloudy;1;Minor arterial;Daytime;Weekday;2;2;2;2;2;1;2
2015040649;2;0;MOHAVE;10;2015;15;34.47380278;-114.29141389;Motor Vehicle In-Transport;Daylight;Clear;1;Collector;Daytime;Weekday;2;2;2;2;2;2;2
2015040840;1;1;MOHAVE;11;2015;6;34.48493333;-114.32607778;Pedestrian;Dark - Not Lighted;Cloudy;1;Minor arterial;Daytime;Weekday;2;1;1;2;2;2;2
2016040007;1;0;YUMA;1;2016;1;32.71319722;-114.606475;Curb;Dark - Lighted;Clear;2;Minor arterial;Nighttime;Weekend;2;1;2;2;2;2;2
2016040078;2;0;MOHAVE;1;2016;5;34.48706944;-114.32698333;Motor Vehicle In-Transport;Dark - Unknown Lighting;Not Reported;1;Minor arterial;Nighttime;Weekday;2;2;2;2;2;2;2
2016040191;1;0;MOHAVE;4;2016;23;35.12132778;-114.57908333;Curb;Dark - Not Lighted;Clear;1;Minor arterial;Nighttime;Weekend;2;1;2;2;2;2;2
2016040288;1;0;MOHAVE;5;2016;17;34.461125;-114.27890278;Ground;Daylight;Clear;1;Collector;Daytime;Weekday;2;2;2;2;2;2;2
2016040398;2;0;YUMA;6;2016;10;32.68759722;-114.63326111;Motor Vehicle In-Transport;Daylight;Clear;1;Minor arterial;Daytime;Weekday;2;2;2;2;2;2;2
2016040454;1;0;MOHAVE;7;2016;6;34.742325;-114.48470833;Fell/Jumped from Vehicle;Dark - Unknown Lighting;Clear;1;Collector;Daytime;Weekend;2;2;2;2;2;2;2
2016040471;1;0;MOHAVE;7;2016;23;34.902575;-114.52327222;Embankment;Dark - Unknown Lighting;Clear;1;Local;Nighttime;Weekend;2;1;2;2;2;2;2
2016040487;1;0;MOHAVE;8;2016;6;35.91131111;-114.51009444;Embankment;Dawn;Unknown;1;Collector;Daytime;Weekday;2;1;2;2;2;2;2
2016040504;1;0;MOHAVE;8;2016;5;35.66881389;-114.19908889;Rollover/Overturn;Dawn;Clear;1;Collector;Nighttime;Weekend;2;1;2;2;2;2;2
2016040537;1;0;LA PAZ;6;2016;13;33.98403056;-114.06573056;Fence;Daylight;Clear;1;Collector;Daytime;Weekend;2;2;2;2;2;2;2
2016040759;1;1;MOHAVE;10;2016;17;35.33106944;-114.24565;Pedestrian;Dark - Not Lighted;Cloudy;1;Local;Daytime;Weekday;2;2;1;2;2;2;2
2016040804;2;0;YUMA;12;2016;17;32.66209722;-114.62435278;Motor Vehicle In-Transport;Dusk;Clear;1;Collector;Daytime;Weekday;2;2;2;2;2;2;2
2016040822;1;0;YUMA;12;2016;3;32.72521111;-114.65037222;Curb;Dark - Lighted;Cloudy;1;Minor arterial;Nighttime;Weekday;2;1;2;2;2;2;2